x,y,numerical,analytical
0.0196078,0.0196078,0.302429,0.302428
0.0392157,0.0196078,0.300707,0.300707
0.0588235,0.0196078,0.297845,0.297844
0.0784314,0.0196078,0.293852,0.293851
0.0980392,0.0196078,0.288745,0.288744
0.117647,0.0196078,0.282543,0.282542
0.137255,0.0196078,0.275268,0.275268
0.156863,0.0196078,0.26695,0.266949
0.176471,0.0196078,0.257619,0.257618
0.196078,0.0196078,0.247311,0.24731
0.215686,0.0196078,0.236064,0.236064
0.235294,0.0196078,0.223922,0.223922
0.254902,0.0196078,0.210931,0.210931
0.27451,0.0196078,0.19714,0.197139
0.294118,0.0196078,0.182601,0.1826
0.313725,0.0196078,0.167369,0.167368
0.333333,0.0196078,0.151502,0.151502
0.352941,0.0196078,0.13506,0.13506
0.372549,0.0196078,0.118107,0.118106
0.392157,0.0196078,0.100705,0.100705
0.411765,0.0196078,0.0829209,0.0829207
0.431373,0.0196078,0.0648225,0.0648224
0.45098,0.0196078,0.0464782,0.0464781
0.470588,0.0196078,0.0279577,0.0279576
0.490196,0.0196078,0.00933102,0.009331
0.509804,0.0196078,-0.00933102,-0.009331
0.529412,0.0196078,-0.0279577,-0.0279576
0.54902,0.0196078,-0.0464782,-0.0464781
0.568627,0.0196078,-0.0648225,-0.0648224
0.588235,0.0196078,-0.0829209,-0.0829207
0.607843,0.0196078,-0.100705,-0.100705
0.627451,0.0196078,-0.118107,-0.118106
0.647059,0.0196078,-0.13506,-0.13506
0.666667,0.0196078,-0.151502,-0.151502
0.686275,0.0196078,-0.167369,-0.167368
0.705882,0.0196078,-0.182601,-0.1826
0.72549,0.0196078,-0.19714,-0.197139
0.745098,0.0196078,-0.210931,-0.210931
0.764706,0.0196078,-0.223922,-0.223922
0.784314,0.0196078,-0.236064,-0.236064
0.803922,0.0196078,-0.247311,-0.24731
0.823529,0.0196078,-0.257619,-0.257618
0.843137,0.0196078,-0.26695,-0.266949
0.862745,0.0196078,-0.275268,-0.275268
0.882353,0.0196078,-0.282543,-0.282542
0.901961,0.0196078,-0.288745,-0.288744
0.921569,0.0196078,-0.293852,-0.293851
0.941176,0.0196078,-0.297845,-0.297844
0.960784,0.0196078,-0.300707,-0.300707
0.980392,0.0196078,-0.302429,-0.302428
0.0196078,0.0392157,0.576395,0.576393
0.0392157,0.0392157,0.573113,0.573112
0.0588235,0.0392157,0.567657,0.567656
0.0784314,0.0392157,0.560048,0.560047
0.0980392,0.0392157,0.550314,0.550313
0.117647,0.0392157,0.538493,0.538492
0.137255,0.0392157,0.52463,0.524629
0.156863,0.0392157,0.508776,0.508775
0.176471,0.0392157,0.490992,0.490991
0.196078,0.0392157,0.471346,0.471345
0.215686,0.0392157,0.449911,0.44991
0.235294,0.0392157,0.42677,0.426769
0.254902,0.0392157,0.40201,0.40201
0.27451,0.0392157,0.375726,0.375725
0.294118,0.0392157,0.348015,0.348015
0.313725,0.0392157,0.318985,0.318985
0.333333,0.0392157,0.288745,0.288744
0.352941,0.0392157,0.257409,0.257409
0.372549,0.0392157,0.225097,0.225097
0.392157,0.0392157,0.191932,0.191931
0.411765,0.0392157,0.158038,0.158037
0.431373,0.0392157,0.123544,0.123544
0.45098,0.0392157,0.0885821,0.088582
0.470588,0.0392157,0.0532841,0.0532839
0.490196,0.0392157,0.0177838,0.0177838
0.509804,0.0392157,-0.0177838,-0.0177838
0.529412,0.0392157,-0.0532841,-0.0532839
0.54902,0.0392157,-0.0885821,-0.088582
0.568627,0.0392157,-0.123544,-0.123544
0.588235,0.0392157,-0.158038,-0.158037
0.607843,0.0392157,-0.191932,-0.191931
0.627451,0.0392157,-0.225097,-0.225097
0.647059,0.0392157,-0.257409,-0.257409
0.666667,0.0392157,-0.288745,-0.288744
0.686275,0.0392157,-0.318985,-0.318985
0.705882,0.0392157,-0.348015,-0.348015
0.72549,0.0392157,-0.375726,-0.375725
0.745098,0.0392157,-0.40201,-0.40201
0.764706,0.0392157,-0.42677,-0.426769
0.784314,0.0392157,-0.449911,-0.44991
0.803922,0.0392157,-0.471346,-0.471345
0.823529,0.0392157,-0.490992,-0.490991
0.843137,0.0392157,-0.508776,-0.508775
0.862745,0.0392157,-0.52463,-0.524629
0.882353,0.0392157,-0.538493,-0.538492
0.901961,0.0392157,-0.550314,-0.550313
0.921569,0.0392157,-0.560048,-0.560047
0.941176,0.0392157,-0.567657,-0.567656
0.960784,0.0392157,-0.573113,-0.573112
0.980392,0.0392157,-0.576395,-0.576393
0.0196078,0.0588235,0.796112,0.796111
0.0392157,0.0588235,0.79158,0.791578
0.0588235,0.0588235,0.784044,0.784042
0.0784314,0.0588235,0.773534,0.773533
0.0980392,0.0588235,0.760091,0.760089
0.117647,0.0588235,0.743763,0.743762
0.137255,0.0588235,0.724615,0.724613
0.156863,0.0588235,0.702718,0.702716
0.176471,0.0588235,0.678155,0.678153
0.196078,0.0588235,0.651019,0.651018
0.215686,0.0588235,0.621414,0.621413
0.235294,0.0588235,0.589452,0.589451
0.254902,0.0588235,0.555254,0.555253
0.27451,0.0588235,0.51895,0.518948
0.294118,0.0588235,0.480677,0.480676
0.313725,0.0588235,0.44058,0.440579
0.333333,0.0588235,0.398813,0.398812
0.352941,0.0588235,0.355532,0.355531
0.372549,0.0588235,0.310903,0.310902
0.392157,0.0588235,0.265095,0.265094
0.411765,0.0588235,0.21828,0.21828
0.431373,0.0588235,0.170638,0.170638
0.45098,0.0588235,0.122349,0.122349
0.470588,0.0588235,0.0735956,0.0735954
0.490196,0.0588235,0.0245629,0.0245629
0.509804,0.0588235,-0.0245629,-0.0245629
0.529412,0.0588235,-0.0735956,-0.0735954
0.54902,0.0588235,-0.122349,-0.122349
0.568627,0.0588235,-0.170638,-0.170638
0.588235,0.0588235,-0.21828,-0.21828
0.607843,0.0588235,-0.265095,-0.265094
0.627451,0.0588235,-0.310903,-0.310902
0.647059,0.0588235,-0.355532,-0.355531
0.666667,0.0588235,-0.398813,-0.398812
0.686275,0.0588235,-0.44058,-0.440579
0.705882,0.0588235,-0.480677,-0.480676
0.72549,0.0588235,-0.51895,-0.518948
0.745098,0.0588235,-0.555254,-0.555253
0.764706,0.0588235,-0.589452,-0.589451
0.784314,0.0588235,-0.621414,-0.621413
0.803922,0.0588235,-0.651019,-0.651018
0.823529,0.0588235,-0.678155,-0.678153
0.843137,0.0588235,-0.702718,-0.702716
0.862745,0.0588235,-0.724615,-0.724613
0.882353,0.0588235,-0.743763,-0.743762
0.901961,0.0588235,-0.760091,-0.760089
0.921569,0.0588235,-0.773534,-0.773533
0.941176,0.0588235,-0.784044,-0.784042
0.960784,0.0588235,-0.79158,-0.791578
0.980392,0.0588235,-0.796112,-0.796111
0.0196078,0.0784314,0.940903,0.940901
0.0392157,0.0784314,0.935546,0.935544
0.0588235,0.0784314,0.92664,0.926638
0.0784314,0.0784314,0.914219,0.914217
0.0980392,0.0784314,0.89833,0.898328
0.117647,0.0784314,0.879033,0.879031
0.137255,0.0784314,0.856402,0.8564
0.156863,0.0784314,0.830522,0.830521
0.176471,0.0784314,0.801492,0.80149
0.196078,0.0784314,0.769422,0.76942
0.215686,0.0784314,0.734432,0.734431
0.235294,0.0784314,0.696657,0.696656
0.254902,0.0784314,0.656239,0.656238
0.27451,0.0784314,0.613332,0.613331
0.294118,0.0784314,0.568098,0.568097
0.313725,0.0784314,0.52071,0.520708
0.333333,0.0784314,0.471346,0.471345
0.352941,0.0784314,0.420194,0.420193
0.372549,0.0784314,0.367448,0.367447
0.392157,0.0784314,0.313308,0.313307
0.411765,0.0784314,0.25798,0.257979
0.431373,0.0784314,0.201673,0.201672
0.45098,0.0784314,0.144601,0.144601
0.470588,0.0784314,0.0869806,0.0869804
0.490196,0.0784314,0.0290302,0.0290302
0.509804,0.0784314,-0.0290302,-0.0290302
0.529412,0.0784314,-0.0869806,-0.0869804
0.54902,0.0784314,-0.144601,-0.144601
0.568627,0.0784314,-0.201673,-0.201672
0.588235,0.0784314,-0.25798,-0.257979
0.607843,0.0784314,-0.313308,-0.313307
0.627451,0.0784314,-0.367448,-0.367447
0.647059,0.0784314,-0.420194,-0.420193
0.666667,0.0784314,-0.471346,-0.471345
0.686275,0.0784314,-0.52071,-0.520708
0.705882,0.0784314,-0.568098,-0.568097
0.72549,0.0784314,-0.613332,-0.613331
0.745098,0.0784314,-0.656239,-0.656238
0.764706,0.0784314,-0.696657,-0.696656
0.784314,0.0784314,-0.734432,-0.734431
0.803922,0.0784314,-0.769422,-0.76942
0.823529,0.0784314,-0.801492,-0.80149
0.843137,0.0784314,-0.830522,-0.830521
0.862745,0.0784314,-0.856402,-0.8564
0.882353,0.0784314,-0.879033,-0.879031
0.901961,0.0784314,-0.89833,-0.898328
0.921569,0.0784314,-0.914219,-0.914217
0.941176,0.0784314,-0.92664,-0.926638
0.960784,0.0784314,-0.935546,-0.935544
0.980392,0.0784314,-0.940903,-0.940901
0.0196078,0.0980392,0.99714,0.997138
0.0392157,0.0980392,0.991462,0.99146
0.0588235,0.0980392,0.982024,0.982022
0.0784314,0.0980392,0.968861,0.968859
0.0980392,0.0980392,0.952022,0.95202
0.117647,0.0980392,0.931572,0.93157
0.137255,0.0980392,0.907588,0.907586
0.156863,0.0980392,0.880162,0.88016
0.176471,0.0980392,0.849396,0.849395
0.196078,0.0980392,0.815409,0.815407
0.215686,0.0980392,0.778329,0.778327
0.235294,0.0980392,0.738296,0.738294
0.254902,0.0980392,0.695462,0.695461
0.27451,0.0980392,0.64999,0.649989
0.294118,0.0980392,0.602053,0.602052
0.313725,0.0980392,0.551832,0.551831
0.333333,0.0980392,0.499517,0.499516
0.352941,0.0980392,0.445308,0.445307
0.372549,0.0980392,0.38941,0.389409
0.392157,0.0980392,0.332034,0.332033
0.411765,0.0980392,0.273399,0.273398
0.431373,0.0980392,0.213727,0.213726
0.45098,0.0980392,0.153244,0.153243
0.470588,0.0980392,0.0921793,0.0921791
0.490196,0.0980392,0.0307653,0.0307653
0.509804,0.0980392,-0.0307653,-0.0307653
0.529412,0.0980392,-0.0921793,-0.0921791
0.54902,0.0980392,-0.153244,-0.153243
0.568627,0.0980392,-0.213727,-0.213726
0.588235,0.0980392,-0.273399,-0.273398
0.607843,0.0980392,-0.332034,-0.332033
0.627451,0.0980392,-0.38941,-0.389409
0.647059,0.0980392,-0.445308,-0.445307
0.666667,0.0980392,-0.499517,-0.499516
0.686275,0.0980392,-0.551832,-0.551831
0.705882,0.0980392,-0.602053,-0.602052
0.72549,0.0980392,-0.64999,-0.649989
0.745098,0.0980392,-0.695462,-0.695461
0.764706,0.0980392,-0.738296,-0.738294
0.784314,0.0980392,-0.778329,-0.778327
0.803922,0.0980392,-0.815409,-0.815407
0.823529,0.0980392,-0.849396,-0.849395
0.843137,0.0980392,-0.880162,-0.88016
0.862745,0.0980392,-0.907588,-0.907586
0.882353,0.0980392,-0.931572,-0.93157
0.901961,0.0980392,-0.952022,-0.95202
0.921569,0.0980392,-0.968861,-0.968859
0.941176,0.0980392,-0.982024,-0.982022
0.960784,0.0980392,-0.991462,-0.99146
0.980392,0.0980392,-0.99714,-0.997138
0.0196078,0.117647,0.95953,0.959528
0.0392157,0.117647,0.954067,0.954065
0.0588235,0.117647,0.944984,0.944982
0.0784314,0.117647,0.932317,0.932315
0.0980392,0.117647,0.916114,0.916112
0.117647,0.117647,0.896435,0.896433
0.137255,0.117647,0.873356,0.873354
0.156863,0.117647,0.846964,0.846962
0.176471,0.117647,0.817359,0.817357
0.196078,0.117647,0.784653,0.784652
0.215686,0.117647,0.748972,0.74897
0.235294,0.117647,0.710449,0.710447
0.254902,0.117647,0.669231,0.669229
0.27451,0.117647,0.625474,0.625473
0.294118,0.117647,0.579345,0.579343
0.313725,0.117647,0.531018,0.531017
0.333333,0.117647,0.480677,0.480676
0.352941,0.117647,0.428512,0.428511
0.372549,0.117647,0.374722,0.374721
0.392157,0.117647,0.31951,0.31951
0.411765,0.117647,0.263087,0.263086
0.431373,0.117647,0.205665,0.205665
0.45098,0.117647,0.147464,0.147463
0.470588,0.117647,0.0887025,0.0887023
0.490196,0.117647,0.0296049,0.0296049
0.509804,0.117647,-0.0296049,-0.0296049
0.529412,0.117647,-0.0887025,-0.0887023
0.54902,0.117647,-0.147464,-0.147463
0.568627,0.117647,-0.205665,-0.205665
0.588235,0.117647,-0.263087,-0.263086
0.607843,0.117647,-0.31951,-0.31951
0.627451,0.117647,-0.374722,-0.374721
0.647059,0.117647,-0.428512,-0.428511
0.666667,0.117647,-0.480677,-0.480676
0.686275,0.117647,-0.531018,-0.531017
0.705882,0.117647,-0.579345,-0.579343
0.72549,0.117647,-0.625474,-0.625473
0.745098,0.117647,-0.669231,-0.669229
0.764706,0.117647,-0.710449,-0.710447
0.784314,0.117647,-0.748972,-0.74897
0.803922,0.117647,-0.784653,-0.784652
0.823529,0.117647,-0.817359,-0.817357
0.843137,0.117647,-0.846964,-0.846962
0.862745,0.117647,-0.873356,-0.873354
0.882353,0.117647,-0.896435,-0.896433
0.901961,0.117647,-0.916114,-0.916112
0.921569,0.117647,-0.932317,-0.932315
0.941176,0.117647,-0.944984,-0.944982
0.960784,0.117647,-0.954067,-0.954065
0.980392,0.117647,-0.95953,-0.959528
0.0196078,0.137255,0.831612,0.831611
0.0392157,0.137255,0.826878,0.826876
0.0588235,0.137255,0.819006,0.819004
0.0784314,0.137255,0.808028,0.808026
0.0980392,0.137255,0.793984,0.793983
0.117647,0.137255,0.776929,0.776928
0.137255,0.137255,0.756927,0.756925
0.156863,0.137255,0.734053,0.734052
0.176471,0.137255,0.708395,0.708393
0.196078,0.137255,0.680049,0.680048
0.215686,0.137255,0.649124,0.649123
0.235294,0.137255,0.615737,0.615736
0.254902,0.137255,0.580014,0.580013
0.27451,0.137255,0.542091,0.542089
0.294118,0.137255,0.502111,0.50211
0.313725,0.137255,0.460227,0.460226
0.333333,0.137255,0.416596,0.416596
0.352941,0.137255,0.371386,0.371385
0.372549,0.137255,0.324767,0.324766
0.392157,0.137255,0.276916,0.276915
0.411765,0.137255,0.228014,0.228014
0.431373,0.137255,0.178248,0.178247
0.45098,0.137255,0.127805,0.127805
0.470588,0.137255,0.0768773,0.0768772
0.490196,0.137255,0.0256582,0.0256582
0.509804,0.137255,-0.0256582,-0.0256582
0.529412,0.137255,-0.0768773,-0.0768772
0.54902,0.137255,-0.127805,-0.127805
0.568627,0.137255,-0.178248,-0.178247
0.588235,0.137255,-0.228014,-0.228014
0.607843,0.137255,-0.276916,-0.276915
0.627451,0.137255,-0.324767,-0.324766
0.647059,0.137255,-0.371386,-0.371385
0.666667,0.137255,-0.416596,-0.416596
0.686275,0.137255,-0.460227,-0.460226
0.705882,0.137255,-0.502111,-0.50211
0.72549,0.137255,-0.542091,-0.542089
0.745098,0.137255,-0.580014,-0.580013
0.764706,0.137255,-0.615737,-0.615736
0.784314,0.137255,-0.649124,-0.649123
0.803922,0.137255,-0.680049,-0.680048
0.823529,0.137255,-0.708395,-0.708393
0.843137,0.137255,-0.734053,-0.734052
0.862745,0.137255,-0.756927,-0.756925
0.882353,0.137255,-0.776929,-0.776928
0.901961,0.137255,-0.793984,-0.793983
0.921569,0.137255,-0.808028,-0.808026
0.941176,0.137255,-0.819006,-0.819004
0.960784,0.137255,-0.826878,-0.826876
0.980392,0.137255,-0.831612,-0.831611
0.0196078,0.156863,0.625427,0.625426
0.0392157,0.156863,0.621866,0.621865
0.0588235,0.156863,0.615946,0.615945
0.0784314,0.156863,0.60769,0.607689
0.0980392,0.156863,0.597129,0.597127
0.117647,0.156863,0.584302,0.584301
0.137255,0.156863,0.569259,0.569258
0.156863,0.156863,0.552056,0.552055
0.176471,0.156863,0.53276,0.532758
0.196078,0.156863,0.511442,0.511441
0.215686,0.156863,0.488184,0.488183
0.235294,0.156863,0.463075,0.463074
0.254902,0.156863,0.436209,0.436208
0.27451,0.156863,0.407688,0.407687
0.294118,0.156863,0.37762,0.37762
0.313725,0.156863,0.346121,0.34612
0.333333,0.156863,0.313308,0.313307
0.352941,0.156863,0.279307,0.279306
0.372549,0.156863,0.244246,0.244245
0.392157,0.156863,0.208259,0.208258
0.411765,0.156863,0.171482,0.171481
0.431373,0.156863,0.134054,0.134054
0.45098,0.156863,0.0961176,0.0961174
0.470588,0.156863,0.0578168,0.0578167
0.490196,0.156863,0.0192967,0.0192966
0.509804,0.156863,-0.0192967,-0.0192966
0.529412,0.156863,-0.0578168,-0.0578167
0.54902,0.156863,-0.0961176,-0.0961174
0.568627,0.156863,-0.134054,-0.134054
0.588235,0.156863,-0.171482,-0.171481
0.607843,0.156863,-0.208259,-0.208258
0.627451,0.156863,-0.244246,-0.244245
0.647059,0.156863,-0.279307,-0.279306
0.666667,0.156863,-0.313308,-0.313307
0.686275,0.156863,-0.346121,-0.34612
0.705882,0.156863,-0.37762,-0.37762
0.72549,0.156863,-0.407688,-0.407687
0.745098,0.156863,-0.436209,-0.436208
0.764706,0.156863,-0.463075,-0.463074
0.784314,0.156863,-0.488184,-0.488183
0.803922,0.156863,-0.511442,-0.511441
0.823529,0.156863,-0.53276,-0.532758
0.843137,0.156863,-0.552056,-0.552055
0.862745,0.156863,-0.569259,-0.569258
0.882353,0.156863,-0.584302,-0.584301
0.901961,0.156863,-0.597129,-0.597127
0.921569,0.156863,-0.60769,-0.607689
0.941176,0.156863,-0.615946,-0.615945
0.960784,0.156863,-0.621866,-0.621865
0.980392,0.156863,-0.625427,-0.625426
0.0196078,0.176471,0.360379,0.360379
0.0392157,0.176471,0.358328,0.358327
0.0588235,0.176471,0.354916,0.354916
0.0784314,0.176471,0.350159,0.350158
0.0980392,0.176471,0.344073,0.344073
0.117647,0.176471,0.336682,0.336682
0.137255,0.176471,0.328014,0.328014
0.156863,0.176471,0.318102,0.318101
0.176471,0.176471,0.306983,0.306982
0.196078,0.176471,0.294699,0.294699
0.215686,0.176471,0.281298,0.281298
0.235294,0.176471,0.26683,0.266829
0.254902,0.176471,0.251349,0.251349
0.27451,0.176471,0.234915,0.234914
0.294118,0.176471,0.21759,0.217589
0.313725,0.176471,0.199439,0.199439
0.333333,0.176471,0.180532,0.180532
0.352941,0.176471,0.16094,0.16094
0.372549,0.176471,0.140738,0.140737
0.392157,0.176471,0.120001,0.120001
0.411765,0.176471,0.0988099,0.0988097
0.431373,0.176471,0.0772436,0.0772434
0.45098,0.176471,0.0553842,0.0553841
0.470588,0.176471,0.0333148,0.0333147
0.490196,0.176471,0.011119,0.011119
0.509804,0.176471,-0.011119,-0.011119
0.529412,0.176471,-0.0333148,-0.0333147
0.54902,0.176471,-0.0553842,-0.0553841
0.568627,0.176471,-0.0772436,-0.0772434
0.588235,0.176471,-0.0988099,-0.0988097
0.607843,0.176471,-0.120001,-0.120001
0.627451,0.176471,-0.140738,-0.140737
0.647059,0.176471,-0.16094,-0.16094
0.666667,0.176471,-0.180532,-0.180532
0.686275,0.176471,-0.199439,-0.199439
0.705882,0.176471,-0.21759,-0.217589
0.72549,0.176471,-0.234915,-0.234914
0.745098,0.176471,-0.251349,-0.251349
0.764706,0.176471,-0.26683,-0.266829
0.784314,0.176471,-0.281298,-0.281298
0.803922,0.176471,-0.294699,-0.294699
0.823529,0.176471,-0.306983,-0.306982
0.843137,0.176471,-0.318102,-0.318101
0.862745,0.176471,-0.328014,-0.328014
0.882353,0.176471,-0.336682,-0.336682
0.901961,0.176471,-0.344073,-0.344073
0.921569,0.176471,-0.350159,-0.350158
0.941176,0.176471,-0.354916,-0.354916
0.960784,0.176471,-0.358328,-0.358327
0.980392,0.176471,-0.360379,-0.360379
0.0196078,0.196078,0.061414,0.0614138
0.0392157,0.196078,0.0610643,0.0610642
0.0588235,0.196078,0.060483,0.0604829
0.0784314,0.196078,0.0596722,0.0596721
0.0980392,0.196078,0.0586352,0.058635
0.117647,0.196078,0.0573756,0.0573755
0.137255,0.196078,0.0558985,0.0558984
0.156863,0.196078,0.0542093,0.0542092
0.176471,0.196078,0.0523144,0.0523143
0.196078,0.196078,0.0502211,0.050221
0.215686,0.196078,0.0479373,0.0479372
0.235294,0.196078,0.0454717,0.0454716
0.254902,0.196078,0.0428336,0.0428335
0.27451,0.196078,0.040033,0.0400329
0.294118,0.196078,0.0370805,0.0370804
0.313725,0.196078,0.0339874,0.0339873
0.333333,0.196078,0.0307653,0.0307653
0.352941,0.196078,0.0274266,0.0274265
0.372549,0.196078,0.0239838,0.0239837
0.392157,0.196078,0.02045,0.02045
0.411765,0.196078,0.0168387,0.0168386
0.431373,0.196078,0.0131634,0.0131634
0.45098,0.196078,0.00943829,0.00943827
0.470588,0.196078,0.00567733,0.00567732
0.490196,0.196078,0.00189484,0.00189484
0.509804,0.196078,-0.00189484,-0.00189484
0.529412,0.196078,-0.00567733,-0.00567732
0.54902,0.196078,-0.00943829,-0.00943827
0.568627,0.196078,-0.0131634,-0.0131634
0.588235,0.196078,-0.0168387,-0.0168386
0.607843,0.196078,-0.02045,-0.02045
0.627451,0.196078,-0.0239838,-0.0239837
0.647059,0.196078,-0.0274266,-0.0274265
0.666667,0.196078,-0.0307653,-0.0307653
0.686275,0.196078,-0.0339874,-0.0339873
0.705882,0.196078,-0.0370805,-0.0370804
0.72549,0.196078,-0.040033,-0.0400329
0.745098,0.196078,-0.0428336,-0.0428335
0.764706,0.196078,-0.0454717,-0.0454716
0.784314,0.196078,-0.0479373,-0.0479372
0.803922,0.196078,-0.0502211,-0.050221
0.823529,0.196078,-0.0523144,-0.0523143
0.843137,0.196078,-0.0542093,-0.0542092
0.862745,0.196078,-0.0558985,-0.0558984
0.882353,0.196078,-0.0573756,-0.0573755
0.901961,0.196078,-0.0586352,-0.058635
0.921569,0.196078,-0.0596722,-0.0596721
0.941176,0.196078,-0.060483,-0.0604829
0.960784,0.196078,-0.0610643,-0.0610642
0.980392,0.196078,-0.061414,-0.0614138
0.0196078,0.215686,-0.243331,-0.243331
0.0392157,0.215686,-0.241946,-0.241946
0.0588235,0.215686,-0.239643,-0.239642
0.0784314,0.215686,-0.236431,-0.23643
0.0980392,0.215686,-0.232321,-0.232321
0.117647,0.215686,-0.227331,-0.227331
0.137255,0.215686,-0.221478,-0.221478
0.156863,0.215686,-0.214785,-0.214785
0.176471,0.215686,-0.207278,-0.207277
0.196078,0.215686,-0.198984,-0.198983
0.215686,0.215686,-0.189935,-0.189935
0.235294,0.215686,-0.180166,-0.180165
0.254902,0.215686,-0.169713,-0.169713
0.27451,0.215686,-0.158617,-0.158616
0.294118,0.215686,-0.146919,-0.146918
0.313725,0.215686,-0.134663,-0.134663
0.333333,0.215686,-0.121897,-0.121897
0.352941,0.215686,-0.108668,-0.108668
0.372549,0.215686,-0.0950274,-0.0950272
0.392157,0.215686,-0.0810261,-0.0810259
0.411765,0.215686,-0.0667174,-0.0667172
0.431373,0.215686,-0.0521556,-0.0521555
0.45098,0.215686,-0.0373959,-0.0373959
0.470588,0.215686,-0.0224945,-0.0224944
0.490196,0.215686,-0.00750765,-0.00750763
0.509804,0.215686,0.00750765,0.00750763
0.529412,0.215686,0.0224945,0.0224944
0.54902,0.215686,0.0373959,0.0373959
0.568627,0.215686,0.0521556,0.0521555
0.588235,0.215686,0.0667174,0.0667172
0.607843,0.215686,0.0810261,0.0810259
0.627451,0.215686,0.0950274,0.0950272
0.647059,0.215686,0.108668,0.108668
0.666667,0.215686,0.121897,0.121897
0.686275,0.215686,0.134663,0.134663
0.705882,0.215686,0.146919,0.146918
0.72549,0.215686,0.158617,0.158616
0.745098,0.215686,0.169713,0.169713
0.764706,0.215686,0.180166,0.180165
0.784314,0.215686,0.189935,0.189935
0.803922,0.215686,0.198984,0.198983
0.823529,0.215686,0.207278,0.207277
0.843137,0.215686,0.214785,0.214785
0.862745,0.215686,0.221478,0.221478
0.882353,0.215686,0.227331,0.227331
0.901961,0.215686,0.232321,0.232321
0.921569,0.215686,0.236431,0.23643
0.941176,0.215686,0.239643,0.239642
0.960784,0.215686,0.241946,0.241946
0.980392,0.215686,0.243331,0.243331
0.0196078,0.235294,-0.525176,-0.525174
0.0392157,0.235294,-0.522185,-0.522184
0.0588235,0.235294,-0.517214,-0.517213
0.0784314,0.235294,-0.510281,-0.51028
0.0980392,0.235294,-0.501413,-0.501412
0.117647,0.235294,-0.490642,-0.490641
0.137255,0.235294,-0.47801,-0.478009
0.156863,0.235294,-0.463565,-0.463564
0.176471,0.235294,-0.447362,-0.447361
0.196078,0.235294,-0.429461,-0.42946
0.215686,0.235294,-0.409932,-0.409931
0.235294,0.235294,-0.388847,-0.388846
0.254902,0.235294,-0.366287,-0.366286
0.27451,0.235294,-0.342338,-0.342337
0.294118,0.235294,-0.31709,-0.31709
0.313725,0.235294,-0.29064,-0.290639
0.333333,0.235294,-0.263087,-0.263086
0.352941,0.235294,-0.234536,-0.234535
0.372549,0.235294,-0.205095,-0.205095
0.392157,0.235294,-0.174876,-0.174876
0.411765,0.235294,-0.143994,-0.143994
0.431373,0.235294,-0.112566,-0.112566
0.45098,0.235294,-0.0807106,-0.0807105
0.470588,0.235294,-0.0485492,-0.0485491
0.490196,0.235294,-0.0162035,-0.0162035
0.509804,0.235294,0.0162035,0.0162035
0.529412,0.235294,0.0485492,0.0485491
0.54902,0.235294,0.0807106,0.0807105
0.568627,0.235294,0.112566,0.112566
0.588235,0.235294,0.143994,0.143994
0.607843,0.235294,0.174876,0.174876
0.627451,0.235294,0.205095,0.205095
0.647059,0.235294,0.234536,0.234535
0.666667,0.235294,0.263087,0.263086
0.686275,0.235294,0.29064,0.290639
0.705882,0.235294,0.31709,0.31709
0.72549,0.235294,0.342338,0.342337
0.745098,0.235294,0.366287,0.366286
0.764706,0.235294,0.388847,0.388846
0.784314,0.235294,0.409932,0.409931
0.803922,0.235294,0.429461,0.42946
0.823529,0.235294,0.447362,0.447361
0.843137,0.235294,0.463565,0.463564
0.862745,0.235294,0.47801,0.478009
0.882353,0.235294,0.490642,0.490641
0.901961,0.235294,0.501413,0.501412
0.921569,0.235294,0.510281,0.51028
0.941176,0.235294,0.517214,0.517213
0.960784,0.235294,0.522185,0.522184
0.980392,0.235294,0.525176,0.525174
0.0196078,0.254902,-0.757592,-0.757591
0.0392157,0.254902,-0.753279,-0.753277
0.0588235,0.254902,-0.746108,-0.746106
0.0784314,0.254902,-0.736107,-0.736105
0.0980392,0.254902,-0.723313,-0.723312
0.117647,0.254902,-0.707776,-0.707775
0.137255,0.254902,-0.689554,-0.689553
0.156863,0.254902,-0.668716,-0.668715
0.176471,0.254902,-0.645342,-0.645341
0.196078,0.254902,-0.619519,-0.619518
0.215686,0.254902,-0.591347,-0.591346
0.235294,0.254902,-0.560931,-0.56093
0.254902,0.254902,-0.528388,-0.528387
0.27451,0.254902,-0.49384,-0.493839
0.294118,0.254902,-0.457419,-0.457418
0.313725,0.254902,-0.419263,-0.419262
0.333333,0.254902,-0.379516,-0.379515
0.352941,0.254902,-0.33833,-0.338329
0.372549,0.254902,-0.29586,-0.295859
0.392157,0.254902,-0.252268,-0.252267
0.411765,0.254902,-0.207719,-0.207718
0.431373,0.254902,-0.162382,-0.162382
0.45098,0.254902,-0.116429,-0.116429
0.470588,0.254902,-0.0700346,-0.0700345
0.490196,0.254902,-0.0233744,-0.0233744
0.509804,0.254902,0.0233744,0.0233744
0.529412,0.254902,0.0700346,0.0700345
0.54902,0.254902,0.116429,0.116429
0.568627,0.254902,0.162382,0.162382
0.588235,0.254902,0.207719,0.207718
0.607843,0.254902,0.252268,0.252267
0.627451,0.254902,0.29586,0.295859
0.647059,0.254902,0.33833,0.338329
0.666667,0.254902,0.379516,0.379515
0.686275,0.254902,0.419263,0.419262
0.705882,0.254902,0.457419,0.457418
0.72549,0.254902,0.49384,0.493839
0.745098,0.254902,0.528388,0.528387
0.764706,0.254902,0.560931,0.56093
0.784314,0.254902,0.591347,0.591346
0.803922,0.254902,0.619519,0.619518
0.823529,0.254902,0.645342,0.645341
0.843137,0.254902,0.668716,0.668715
0.862745,0.254902,0.689554,0.689553
0.882353,0.254902,0.707776,0.707775
0.901961,0.254902,0.723313,0.723312
0.921569,0.254902,0.736107,0.736105
0.941176,0.254902,0.746108,0.746106
0.960784,0.254902,0.753279,0.753277
0.980392,0.254902,0.757592,0.757591
0.0196078,0.27451,-0.918707,-0.918705
0.0392157,0.27451,-0.913477,-0.913475
0.0588235,0.27451,-0.904781,-0.904779
0.0784314,0.27451,-0.892653,-0.892651
0.0980392,0.27451,-0.877138,-0.877137
0.117647,0.27451,-0.858297,-0.858295
0.137255,0.27451,-0.8362,-0.836198
0.156863,0.27451,-0.81093,-0.810929
0.176471,0.27451,-0.782585,-0.782583
0.196078,0.27451,-0.751271,-0.751269
0.215686,0.27451,-0.717107,-0.717106
0.235294,0.27451,-0.680223,-0.680222
0.254902,0.27451,-0.640759,-0.640757
0.27451,0.27451,-0.598864,-0.598862
0.294118,0.27451,-0.554697,-0.554696
0.313725,0.27451,-0.508426,-0.508425
0.333333,0.27451,-0.460227,-0.460226
0.352941,0.27451,-0.410281,-0.41028
0.372549,0.27451,-0.35878,-0.358779
0.392157,0.27451,-0.305917,-0.305916
0.411765,0.27451,-0.251894,-0.251893
0.431373,0.27451,-0.196915,-0.196915
0.45098,0.27451,-0.14119,-0.14119
0.470588,0.27451,-0.0849287,-0.0849285
0.490196,0.27451,-0.0283454,-0.0283453
0.509804,0.27451,0.0283454,0.0283453
0.529412,0.27451,0.0849287,0.0849285
0.54902,0.27451,0.14119,0.14119
0.568627,0.27451,0.196915,0.196915
0.588235,0.27451,0.251894,0.251893
0.607843,0.27451,0.305917,0.305916
0.627451,0.27451,0.35878,0.358779
0.647059,0.27451,0.410281,0.41028
0.666667,0.27451,0.460227,0.460226
0.686275,0.27451,0.508426,0.508425
0.705882,0.27451,0.554697,0.554696
0.72549,0.27451,0.598864,0.598862
0.745098,0.27451,0.640759,0.640757
0.764706,0.27451,0.680223,0.680222
0.784314,0.27451,0.717107,0.717106
0.803922,0.27451,0.751271,0.751269
0.823529,0.27451,0.782585,0.782583
0.843137,0.27451,0.81093,0.810929
0.862745,0.27451,0.8362,0.836198
0.882353,0.27451,0.858297,0.858295
0.901961,0.27451,0.877138,0.877137
0.921569,0.27451,0.892653,0.892651
0.941176,0.27451,0.904781,0.904779
0.960784,0.27451,0.913477,0.913475
0.980392,0.27451,0.918707,0.918705
0.0196078,0.294118,-0.993357,-0.993355
0.0392157,0.294118,-0.987702,-0.987699
0.0588235,0.294118,-0.978299,-0.978297
0.0784314,0.294118,-0.965186,-0.965184
0.0980392,0.294118,-0.948411,-0.948409
0.117647,0.294118,-0.928038,-0.928036
0.137255,0.294118,-0.904146,-0.904144
0.156863,0.294118,-0.876823,-0.876821
0.176471,0.294118,-0.846174,-0.846173
0.196078,0.294118,-0.812316,-0.812314
0.215686,0.294118,-0.775376,-0.775374
0.235294,0.294118,-0.735495,-0.735493
0.254902,0.294118,-0.692824,-0.692822
0.27451,0.294118,-0.647525,-0.647523
0.294118,0.294118,-0.599769,-0.599768
0.313725,0.294118,-0.549738,-0.549737
0.333333,0.294118,-0.497622,-0.497621
0.352941,0.294118,-0.443619,-0.443618
0.372549,0.294118,-0.387932,-0.387932
0.392157,0.294118,-0.330774,-0.330774
0.411765,0.294118,-0.272362,-0.272361
0.431373,0.294118,-0.212916,-0.212915
0.45098,0.294118,-0.152662,-0.152662
0.470588,0.294118,-0.0918296,-0.0918294
0.490196,0.294118,-0.0306486,-0.0306486
0.509804,0.294118,0.0306486,0.0306486
0.529412,0.294118,0.0918296,0.0918294
0.54902,0.294118,0.152662,0.152662
0.568627,0.294118,0.212916,0.212915
0.588235,0.294118,0.272362,0.272361
0.607843,0.294118,0.330774,0.330774
0.627451,0.294118,0.387932,0.387932
0.647059,0.294118,0.443619,0.443618
0.666667,0.294118,0.497622,0.497621
0.686275,0.294118,0.549738,0.549737
0.705882,0.294118,0.599769,0.599768
0.72549,0.294118,0.647525,0.647523
0.745098,0.294118,0.692824,0.692822
0.764706,0.294118,0.735495,0.735493
0.784314,0.294118,0.775376,0.775374
0.803922,0.294118,0.812316,0.812314
0.823529,0.294118,0.846174,0.846173
0.843137,0.294118,0.876823,0.876821
0.862745,0.294118,0.904146,0.904144
0.882353,0.294118,0.928038,0.928036
0.901961,0.294118,0.948411,0.948409
0.921569,0.294118,0.965186,0.965184
0.941176,0.294118,0.978299,0.978297
0.960784,0.294118,0.987702,0.987699
0.980392,0.294118,0.993357,0.993355
0.0196078,0.313725,-0.974516,-0.974515
0.0392157,0.313725,-0.968968,-0.968966
0.0588235,0.313725,-0.959744,-0.959742
0.0784314,0.313725,-0.946879,-0.946877
0.0980392,0.313725,-0.930422,-0.930421
0.117647,0.313725,-0.910436,-0.910435
0.137255,0.313725,-0.886997,-0.886995
0.156863,0.313725,-0.860192,-0.860191
0.176471,0.313725,-0.830125,-0.830123
0.196078,0.313725,-0.796909,-0.796907
0.215686,0.313725,-0.76067,-0.760668
0.235294,0.313725,-0.721545,-0.721543
0.254902,0.313725,-0.679683,-0.679682
0.27451,0.313725,-0.635243,-0.635242
0.294118,0.313725,-0.588393,-0.588392
0.313725,0.313725,-0.539312,-0.539311
0.333333,0.313725,-0.488184,-0.488183
0.352941,0.313725,-0.435205,-0.435204
0.372549,0.313725,-0.380575,-0.380574
0.392157,0.313725,-0.324501,-0.3245
0.411765,0.313725,-0.267196,-0.267195
0.431373,0.313725,-0.208878,-0.208877
0.45098,0.313725,-0.149767,-0.149766
0.470588,0.313725,-0.0900879,-0.0900877
0.490196,0.313725,-0.0300673,-0.0300673
0.509804,0.313725,0.0300673,0.0300673
0.529412,0.313725,0.0900879,0.0900877
0.54902,0.313725,0.149767,0.149766
0.568627,0.313725,0.208878,0.208877
0.588235,0.313725,0.267196,0.267195
0.607843,0.313725,0.324501,0.3245
0.627451,0.313725,0.380575,0.380574
0.647059,0.313725,0.435205,0.435204
0.666667,0.313725,0.488184,0.488183
0.686275,0.313725,0.539312,0.539311
0.705882,0.313725,0.588393,0.588392
0.72549,0.313725,0.635243,0.635242
0.745098,0.313725,0.679683,0.679682
0.764706,0.313725,0.721545,0.721543
0.784314,0.313725,0.76067,0.760668
0.803922,0.313725,0.796909,0.796907
0.823529,0.313725,0.830125,0.830123
0.843137,0.313725,0.860192,0.860191
0.862745,0.313725,0.886997,0.886995
0.882353,0.313725,0.910436,0.910435
0.901961,0.313725,0.930422,0.930421
0.921569,0.313725,0.946879,0.946877
0.941176,0.313725,0.959744,0.959742
0.960784,0.313725,0.968968,0.968966
0.980392,0.313725,0.974516,0.974515
0.0196078,0.333333,-0.863958,-0.863956
0.0392157,0.333333,-0.859039,-0.859037
0.0588235,0.333333,-0.850861,-0.85086
0.0784314,0.333333,-0.839456,-0.839454
0.0980392,0.333333,-0.824867,-0.824865
0.117647,0.333333,-0.807148,-0.807146
0.137255,0.333333,-0.786367,-0.786366
0.156863,0.333333,-0.762604,-0.762603
0.176471,0.333333,-0.735948,-0.735946
0.196078,0.333333,-0.7065,-0.706499
0.215686,0.333333,-0.674372,-0.674371
0.235294,0.333333,-0.639686,-0.639685
0.254902,0.333333,-0.602574,-0.602572
0.27451,0.333333,-0.563175,-0.563174
0.294118,0.333333,-0.521641,-0.521639
0.313725,0.333333,-0.478127,-0.478126
0.333333,0.333333,-0.4328,-0.432799
0.352941,0.333333,-0.385831,-0.38583
0.372549,0.333333,-0.337399,-0.337398
0.392157,0.333333,-0.287686,-0.287686
0.411765,0.333333,-0.236883,-0.236882
0.431373,0.333333,-0.18518,-0.18518
0.45098,0.333333,-0.132776,-0.132776
0.470588,0.333333,-0.0798675,-0.0798673
0.490196,0.333333,-0.0266562,-0.0266561
0.509804,0.333333,0.0266562,0.0266561
0.529412,0.333333,0.0798675,0.0798673
0.54902,0.333333,0.132776,0.132776
0.568627,0.333333,0.18518,0.18518
0.588235,0.333333,0.236883,0.236882
0.607843,0.333333,0.287686,0.287686
0.627451,0.333333,0.337399,0.337398
0.647059,0.333333,0.385831,0.38583
0.666667,0.333333,0.4328,0.432799
0.686275,0.333333,0.478127,0.478126
0.705882,0.333333,0.521641,0.521639
0.72549,0.333333,0.563175,0.563174
0.745098,0.333333,0.602574,0.602572
0.764706,0.333333,0.639686,0.639685
0.784314,0.333333,0.674372,0.674371
0.803922,0.333333,0.7065,0.706499
0.823529,0.333333,0.735948,0.735946
0.843137,0.333333,0.762604,0.762603
0.862745,0.333333,0.786367,0.786366
0.882353,0.333333,0.807148,0.807146
0.901961,0.333333,0.824867,0.824865
0.921569,0.333333,0.839456,0.839454
0.941176,0.333333,0.850861,0.85086
0.960784,0.333333,0.859039,0.859037
0.980392,0.333333,0.863958,0.863956
0.0196078,0.352941,-0.672087,-0.672086
0.0392157,0.352941,-0.668261,-0.66826
0.0588235,0.352941,-0.661899,-0.661898
0.0784314,0.352941,-0.653027,-0.653026
0.0980392,0.352941,-0.641677,-0.641676
0.117647,0.352941,-0.627894,-0.627893
0.137255,0.352941,-0.611728,-0.611727
0.156863,0.352941,-0.593242,-0.593241
0.176471,0.352941,-0.572506,-0.572505
0.196078,0.352941,-0.549598,-0.549597
0.215686,0.352941,-0.524605,-0.524604
0.235294,0.352941,-0.497622,-0.497621
0.254902,0.352941,-0.468752,-0.468751
0.27451,0.352941,-0.438103,-0.438102
0.294118,0.352941,-0.405793,-0.405792
0.313725,0.352941,-0.371943,-0.371942
0.333333,0.352941,-0.336682,-0.336682
0.352941,0.352941,-0.300144,-0.300144
0.372549,0.352941,-0.262468,-0.262467
0.392157,0.352941,-0.223796,-0.223796
0.411765,0.352941,-0.184275,-0.184275
0.431373,0.352941,-0.144055,-0.144055
0.45098,0.352941,-0.103289,-0.103288
0.470588,0.352941,-0.0621303,-0.0621301
0.490196,0.352941,-0.0207363,-0.0207363
0.509804,0.352941,0.0207363,0.0207363
0.529412,0.352941,0.0621303,0.0621301
0.54902,0.352941,0.103289,0.103288
0.568627,0.352941,0.144055,0.144055
0.588235,0.352941,0.184275,0.184275
0.607843,0.352941,0.223796,0.223796
0.627451,0.352941,0.262468,0.262467
0.647059,0.352941,0.300144,0.300144
0.666667,0.352941,0.336682,0.336682
0.686275,0.352941,0.371943,0.371942
0.705882,0.352941,0.405793,0.405792
0.72549,0.352941,0.438103,0.438102
0.745098,0.352941,0.468752,0.468751
0.764706,0.352941,0.497622,0.497621
0.784314,0.352941,0.524605,0.524604
0.803922,0.352941,0.549598,0.549597
0.823529,0.352941,0.572506,0.572505
0.843137,0.352941,0.593242,0.593241
0.862745,0.352941,0.611728,0.611727
0.882353,0.352941,0.627894,0.627893
0.901961,0.352941,0.641677,0.641676
0.921569,0.352941,0.653027,0.653026
0.941176,0.352941,0.661899,0.661898
0.960784,0.352941,0.668261,0.66826
0.980392,0.352941,0.672087,0.672086
0.0196078,0.372549,-0.416963,-0.416962
0.0392157,0.372549,-0.414589,-0.414588
0.0588235,0.372549,-0.410642,-0.410641
0.0784314,0.372549,-0.405138,-0.405137
0.0980392,0.372549,-0.398096,-0.398095
0.117647,0.372549,-0.389545,-0.389544
0.137255,0.372549,-0.379516,-0.379515
0.156863,0.372549,-0.368047,-0.368046
0.176471,0.372549,-0.355182,-0.355182
0.196078,0.372549,-0.34097,-0.34097
0.215686,0.372549,-0.325465,-0.325464
0.235294,0.372549,-0.308725,-0.308724
0.254902,0.372549,-0.290813,-0.290813
0.27451,0.372549,-0.271799,-0.271798
0.294118,0.372549,-0.251754,-0.251753
0.313725,0.372549,-0.230753,-0.230753
0.333333,0.372549,-0.208878,-0.208877
0.352941,0.372549,-0.186209,-0.186209
0.372549,0.372549,-0.162835,-0.162835
0.392157,0.372549,-0.138843,-0.138843
0.411765,0.372549,-0.114324,-0.114324
0.431373,0.372549,-0.0893716,-0.0893714
0.45098,0.372549,-0.0640801,-0.06408
0.470588,0.372549,-0.0385456,-0.0385455
0.490196,0.372549,-0.0128648,-0.0128648
0.509804,0.372549,0.0128648,0.0128648
0.529412,0.372549,0.0385456,0.0385455
0.54902,0.372549,0.0640801,0.06408
0.568627,0.372549,0.0893716,0.0893714
0.588235,0.372549,0.114324,0.114324
0.607843,0.372549,0.138843,0.138843
0.627451,0.372549,0.162835,0.162835
0.647059,0.372549,0.186209,0.186209
0.666667,0.372549,0.208878,0.208877
0.686275,0.372549,0.230753,0.230753
0.705882,0.372549,0.251754,0.251753
0.72549,0.372549,0.271799,0.271798
0.745098,0.372549,0.290813,0.290813
0.764706,0.372549,0.308725,0.308724
0.784314,0.372549,0.325465,0.325464
0.803922,0.372549,0.34097,0.34097
0.823529,0.372549,0.355182,0.355182
0.843137,0.372549,0.368047,0.368046
0.862745,0.372549,0.379516,0.379515
0.882353,0.372549,0.389545,0.389544
0.901961,0.372549,0.398096,0.398095
0.921569,0.372549,0.405138,0.405137
0.941176,0.372549,0.410642,0.410641
0.960784,0.372549,0.414589,0.414588
0.980392,0.372549,0.416963,0.416962
0.0196078,0.392157,-0.122595,-0.122595
0.0392157,0.392157,-0.121897,-0.121897
0.0588235,0.392157,-0.120737,-0.120736
0.0784314,0.392157,-0.119118,-0.119118
0.0980392,0.392157,-0.117048,-0.117048
0.117647,0.392157,-0.114534,-0.114533
0.137255,0.392157,-0.111585,-0.111585
0.156863,0.392157,-0.108213,-0.108213
0.176471,0.392157,-0.10443,-0.10443
0.196078,0.392157,-0.100252,-0.100252
0.215686,0.392157,-0.0956928,-0.0956926
0.235294,0.392157,-0.0907709,-0.0907707
0.254902,0.392157,-0.0855047,-0.0855045
0.27451,0.392157,-0.0799141,-0.0799139
0.294118,0.392157,-0.0740204,-0.0740202
0.313725,0.392157,-0.0678458,-0.0678457
0.333333,0.392157,-0.061414,-0.0614138
0.352941,0.392157,-0.0547491,-0.054749
0.372549,0.392157,-0.0478766,-0.0478765
0.392157,0.392157,-0.0408224,-0.0408224
0.411765,0.392157,-0.0336135,-0.0336134
0.431373,0.392157,-0.026277,-0.0262769
0.45098,0.392157,-0.0188408,-0.0188407
0.470588,0.392157,-0.0113331,-0.0113331
0.490196,0.392157,-0.00378249,-0.00378249
0.509804,0.392157,0.00378249,0.00378249
0.529412,0.392157,0.0113331,0.0113331
0.54902,0.392157,0.0188408,0.0188407
0.568627,0.392157,0.026277,0.0262769
0.588235,0.392157,0.0336135,0.0336134
0.607843,0.392157,0.0408224,0.0408224
0.627451,0.392157,0.0478766,0.0478765
0.647059,0.392157,0.0547491,0.054749
0.666667,0.392157,0.061414,0.0614138
0.686275,0.392157,0.0678458,0.0678457
0.705882,0.392157,0.0740204,0.0740202
0.72549,0.392157,0.0799141,0.0799139
0.745098,0.392157,0.0855047,0.0855045
0.764706,0.392157,0.0907709,0.0907707
0.784314,0.392157,0.0956928,0.0956926
0.803922,0.392157,0.100252,0.100252
0.823529,0.392157,0.10443,0.10443
0.843137,0.392157,0.108213,0.108213
0.862745,0.392157,0.111585,0.111585
0.882353,0.392157,0.114534,0.114533
0.901961,0.392157,0.117048,0.117048
0.921569,0.392157,0.119118,0.119118
0.941176,0.392157,0.120737,0.120736
0.960784,0.392157,0.121897,0.121897
0.980392,0.392157,0.122595,0.122595
0.0196078,0.411765,0.183311,0.183311
0.0392157,0.411765,0.182267,0.182267
0.0588235,0.411765,0.180532,0.180532
0.0784314,0.411765,0.178112,0.178112
0.0980392,0.411765,0.175017,0.175016
0.117647,0.411765,0.171257,0.171257
0.137255,0.411765,0.166848,0.166848
0.156863,0.411765,0.161806,0.161806
0.176471,0.411765,0.15615,0.15615
0.196078,0.411765,0.149902,0.149902
0.215686,0.411765,0.143085,0.143085
0.235294,0.411765,0.135726,0.135726
0.254902,0.411765,0.127851,0.127851
0.27451,0.411765,0.119492,0.119492
0.294118,0.411765,0.110679,0.110679
0.313725,0.411765,0.101447,0.101447
0.333333,0.411765,0.0918296,0.0918294
0.352941,0.411765,0.081864,0.0818638
0.372549,0.411765,0.0715878,0.0715876
0.392157,0.411765,0.06104,0.0610399
0.411765,0.411765,0.0502607,0.0502606
0.431373,0.411765,0.0392908,0.0392907
0.45098,0.411765,0.0281718,0.0281717
0.470588,0.411765,0.0169459,0.0169459
0.490196,0.411765,0.0056558,0.00565579
0.509804,0.411765,-0.0056558,-0.00565579
0.529412,0.411765,-0.0169459,-0.0169459
0.54902,0.411765,-0.0281718,-0.0281717
0.568627,0.411765,-0.0392908,-0.0392907
0.588235,0.411765,-0.0502607,-0.0502606
0.607843,0.411765,-0.06104,-0.0610399
0.627451,0.411765,-0.0715878,-0.0715876
0.647059,0.411765,-0.081864,-0.0818638
0.666667,0.411765,-0.0918296,-0.0918294
0.686275,0.411765,-0.101447,-0.101447
0.705882,0.411765,-0.110679,-0.110679
0.72549,0.411765,-0.119492,-0.119492
0.745098,0.411765,-0.127851,-0.127851
0.764706,0.411765,-0.135726,-0.135726
0.784314,0.411765,-0.143085,-0.143085
0.803922,0.411765,-0.149902,-0.149902
0.823529,0.411765,-0.15615,-0.15615
0.843137,0.411765,-0.161806,-0.161806
0.862745,0.411765,-0.166848,-0.166848
0.882353,0.411765,-0.171257,-0.171257
0.901961,0.411765,-0.175017,-0.175016
0.921569,0.411765,-0.178112,-0.178112
0.941176,0.411765,-0.180532,-0.180532
0.960784,0.411765,-0.182267,-0.182267
0.980392,0.411765,-0.183311,-0.183311
0.0196078,0.431373,0.471964,0.471963
0.0392157,0.431373,0.469277,0.469276
0.0588235,0.431373,0.46481,0.464809
0.0784314,0.431373,0.458579,0.458578
0.0980392,0.431373,0.450609,0.450608
0.117647,0.431373,0.44093,0.440929
0.137255,0.431373,0.429578,0.429577
0.156863,0.431373,0.416596,0.416596
0.176471,0.431373,0.402035,0.402034
0.196078,0.431373,0.385948,0.385947
0.215686,0.431373,0.368397,0.368396
0.235294,0.431373,0.349449,0.349448
0.254902,0.431373,0.329175,0.329174
0.27451,0.431373,0.307652,0.307651
0.294118,0.431373,0.284962,0.284962
0.313725,0.431373,0.261192,0.261191
0.333333,0.431373,0.236431,0.23643
0.352941,0.431373,0.210772,0.210772
0.372549,0.431373,0.184315,0.184314
0.392157,0.431373,0.157158,0.157157
0.411765,0.431373,0.129405,0.129404
0.431373,0.431373,0.101161,0.10116
0.45098,0.431373,0.072533,0.0725328
0.470588,0.431373,0.0436301,0.04363
0.490196,0.431373,0.0145618,0.0145618
0.509804,0.431373,-0.0145618,-0.0145618
0.529412,0.431373,-0.0436301,-0.04363
0.54902,0.431373,-0.072533,-0.0725328
0.568627,0.431373,-0.101161,-0.10116
0.588235,0.431373,-0.129405,-0.129404
0.607843,0.431373,-0.157158,-0.157157
0.627451,0.431373,-0.184315,-0.184314
0.647059,0.431373,-0.210772,-0.210772
0.666667,0.431373,-0.236431,-0.23643
0.686275,0.431373,-0.261192,-0.261191
0.705882,0.431373,-0.284962,-0.284962
0.72549,0.431373,-0.307652,-0.307651
0.745098,0.431373,-0.329175,-0.329174
0.764706,0.431373,-0.349449,-0.349448
0.784314,0.431373,-0.368397,-0.368396
0.803922,0.431373,-0.385948,-0.385947
0.823529,0.431373,-0.402035,-0.402034
0.843137,0.431373,-0.416596,-0.416596
0.862745,0.431373,-0.429578,-0.429577
0.882353,0.431373,-0.44093,-0.440929
0.901961,0.431373,-0.450609,-0.450608
0.921569,0.431373,-0.458579,-0.458578
0.941176,0.431373,-0.46481,-0.464809
0.960784,0.431373,-0.469277,-0.469276
0.980392,0.431373,-0.471964,-0.471963
0.0196078,0.45098,0.716198,0.716197
0.0392157,0.45098,0.71212,0.712119
0.0588235,0.45098,0.705341,0.70534
0.0784314,0.45098,0.695887,0.695885
0.0980392,0.45098,0.683792,0.683791
0.117647,0.45098,0.669104,0.669103
0.137255,0.45098,0.651878,0.651876
0.156863,0.45098,0.632178,0.632177
0.176471,0.45098,0.610081,0.61008
0.196078,0.45098,0.58567,0.585668
0.215686,0.45098,0.559036,0.559035
0.235294,0.45098,0.530283,0.530282
0.254902,0.45098,0.499517,0.499516
0.27451,0.45098,0.466857,0.466856
0.294118,0.45098,0.432426,0.432425
0.313725,0.45098,0.396355,0.396354
0.333333,0.45098,0.35878,0.358779
0.352941,0.45098,0.319844,0.319843
0.372549,0.45098,0.279694,0.279694
0.392157,0.45098,0.238484,0.238484
0.411765,0.45098,0.196369,0.196369
0.431373,0.45098,0.15351,0.153509
0.45098,0.45098,0.110068,0.110067
0.470588,0.45098,0.066208,0.0662079
0.490196,0.45098,0.0220973,0.0220972
0.509804,0.45098,-0.0220973,-0.0220972
0.529412,0.45098,-0.066208,-0.0662079
0.54902,0.45098,-0.110068,-0.110067
0.568627,0.45098,-0.15351,-0.153509
0.588235,0.45098,-0.196369,-0.196369
0.607843,0.45098,-0.238484,-0.238484
0.627451,0.45098,-0.279694,-0.279694
0.647059,0.45098,-0.319844,-0.319843
0.666667,0.45098,-0.35878,-0.358779
0.686275,0.45098,-0.396355,-0.396354
0.705882,0.45098,-0.432426,-0.432425
0.72549,0.45098,-0.466857,-0.466856
0.745098,0.45098,-0.499517,-0.499516
0.764706,0.45098,-0.530283,-0.530282
0.784314,0.45098,-0.559036,-0.559035
0.803922,0.45098,-0.58567,-0.585668
0.823529,0.45098,-0.610081,-0.61008
0.843137,0.45098,-0.632178,-0.632177
0.862745,0.45098,-0.651878,-0.651876
0.882353,0.45098,-0.669104,-0.669103
0.901961,0.45098,-0.683792,-0.683791
0.921569,0.45098,-0.695887,-0.695885
0.941176,0.45098,-0.705341,-0.70534
0.960784,0.45098,-0.71212,-0.712119
0.980392,0.45098,-0.716198,-0.716197
0.0196078,0.470588,0.893026,0.893025
0.0392157,0.470588,0.887942,0.88794
0.0588235,0.470588,0.879489,0.879487
0.0784314,0.470588,0.8677,0.867698
0.0980392,0.470588,0.85262,0.852618
0.117647,0.470588,0.834305,0.834303
0.137255,0.470588,0.812825,0.812824
0.156863,0.470588,0.788262,0.788261
0.176471,0.470588,0.760709,0.760708
0.196078,0.470588,0.730271,0.730269
0.215686,0.470588,0.697062,0.69706
0.235294,0.470588,0.661209,0.661207
0.254902,0.470588,0.622847,0.622846
0.27451,0.470588,0.582123,0.582122
0.294118,0.470588,0.539191,0.53919
0.313725,0.470588,0.494214,0.494213
0.333333,0.470588,0.447362,0.447361
0.352941,0.470588,0.398813,0.398812
0.372549,0.470588,0.348751,0.34875
0.392157,0.470588,0.297366,0.297365
0.411765,0.470588,0.244853,0.244852
0.431373,0.470588,0.191411,0.191411
0.45098,0.470588,0.137243,0.137243
0.470588,0.470588,0.0825547,0.0825545
0.490196,0.470588,0.0275531,0.027553
0.509804,0.470588,-0.0275531,-0.027553
0.529412,0.470588,-0.0825547,-0.0825545
0.54902,0.470588,-0.137243,-0.137243
0.568627,0.470588,-0.191411,-0.191411
0.588235,0.470588,-0.244853,-0.244852
0.607843,0.470588,-0.297366,-0.297365
0.627451,0.470588,-0.348751,-0.34875
0.647059,0.470588,-0.398813,-0.398812
0.666667,0.470588,-0.447362,-0.447361
0.686275,0.470588,-0.494214,-0.494213
0.705882,0.470588,-0.539191,-0.53919
0.72549,0.470588,-0.582123,-0.582122
0.745098,0.470588,-0.622847,-0.622846
0.764706,0.470588,-0.661209,-0.661207
0.784314,0.470588,-0.697062,-0.69706
0.803922,0.470588,-0.730271,-0.730269
0.823529,0.470588,-0.760709,-0.760708
0.843137,0.470588,-0.788262,-0.788261
0.862745,0.470588,-0.812825,-0.812824
0.882353,0.470588,-0.834305,-0.834303
0.901961,0.470588,-0.85262,-0.852618
0.921569,0.470588,-0.8677,-0.867698
0.941176,0.470588,-0.879489,-0.879487
0.960784,0.470588,-0.887942,-0.88794
0.980392,0.470588,-0.893026,-0.893025
0.0196078,0.490196,0.985807,0.985805
0.0392157,0.490196,0.980194,0.980192
0.0588235,0.490196,0.970863,0.970861
0.0784314,0.490196,0.957849,0.957847
0.0980392,0.490196,0.941202,0.9412
0.117647,0.490196,0.920984,0.920982
0.137255,0.490196,0.897273,0.897271
0.156863,0.490196,0.870158,0.870156
0.176471,0.490196,0.839742,0.839741
0.196078,0.490196,0.806141,0.80614
0.215686,0.490196,0.769482,0.769481
0.235294,0.490196,0.729904,0.729903
0.254902,0.490196,0.687558,0.687556
0.27451,0.490196,0.642603,0.642601
0.294118,0.490196,0.59521,0.595209
0.313725,0.490196,0.54556,0.545559
0.333333,0.490196,0.49384,0.493839
0.352941,0.490196,0.440247,0.440246
0.372549,0.490196,0.384984,0.384983
0.392157,0.490196,0.32826,0.32826
0.411765,0.490196,0.270291,0.270291
0.431373,0.490196,0.211297,0.211297
0.45098,0.490196,0.151502,0.151502
0.470588,0.490196,0.0911316,0.0911314
0.490196,0.490196,0.0304157,0.0304156
0.509804,0.490196,-0.0304157,-0.0304156
0.529412,0.490196,-0.0911316,-0.0911314
0.54902,0.490196,-0.151502,-0.151502
0.568627,0.490196,-0.211297,-0.211297
0.588235,0.490196,-0.270291,-0.270291
0.607843,0.490196,-0.32826,-0.32826
0.627451,0.490196,-0.384984,-0.384983
0.647059,0.490196,-0.440247,-0.440246
0.666667,0.490196,-0.49384,-0.493839
0.686275,0.490196,-0.54556,-0.545559
0.705882,0.490196,-0.59521,-0.595209
0.72549,0.490196,-0.642603,-0.642601
0.745098,0.490196,-0.687558,-0.687556
0.764706,0.490196,-0.729904,-0.729903
0.784314,0.490196,-0.769482,-0.769481
0.803922,0.490196,-0.806141,-0.80614
0.823529,0.490196,-0.839742,-0.839741
0.843137,0.490196,-0.870158,-0.870156
0.862745,0.490196,-0.897273,-0.897271
0.882353,0.490196,-0.920984,-0.920982
0.901961,0.490196,-0.941202,-0.9412
0.921569,0.490196,-0.957849,-0.957847
0.941176,0.490196,-0.970863,-0.970861
0.960784,0.490196,-0.980194,-0.980192
0.980392,0.490196,-0.985807,-0.985805
0.0196078,0.509804,0.985807,0.985805
0.0392157,0.509804,0.980194,0.980192
0.0588235,0.509804,0.970863,0.970861
0.0784314,0.509804,0.957849,0.957847
0.0980392,0.509804,0.941202,0.9412
0.117647,0.509804,0.920984,0.920982
0.137255,0.509804,0.897273,0.897271
0.156863,0.509804,0.870158,0.870156
0.176471,0.509804,0.839742,0.839741
0.196078,0.509804,0.806141,0.80614
0.215686,0.509804,0.769482,0.769481
0.235294,0.509804,0.729904,0.729903
0.254902,0.509804,0.687558,0.687556
0.27451,0.509804,0.642603,0.642601
0.294118,0.509804,0.59521,0.595209
0.313725,0.509804,0.54556,0.545559
0.333333,0.509804,0.49384,0.493839
0.352941,0.509804,0.440247,0.440246
0.372549,0.509804,0.384984,0.384983
0.392157,0.509804,0.32826,0.32826
0.411765,0.509804,0.270291,0.270291
0.431373,0.509804,0.211297,0.211297
0.45098,0.509804,0.151502,0.151502
0.470588,0.509804,0.0911316,0.0911314
0.490196,0.509804,0.0304157,0.0304156
0.509804,0.509804,-0.0304157,-0.0304156
0.529412,0.509804,-0.0911316,-0.0911314
0.54902,0.509804,-0.151502,-0.151502
0.568627,0.509804,-0.211297,-0.211297
0.588235,0.509804,-0.270291,-0.270291
0.607843,0.509804,-0.32826,-0.32826
0.627451,0.509804,-0.384984,-0.384983
0.647059,0.509804,-0.440247,-0.440246
0.666667,0.509804,-0.49384,-0.493839
0.686275,0.509804,-0.54556,-0.545559
0.705882,0.509804,-0.59521,-0.595209
0.72549,0.509804,-0.642603,-0.642601
0.745098,0.509804,-0.687558,-0.687556
0.764706,0.509804,-0.729904,-0.729903
0.784314,0.509804,-0.769482,-0.769481
0.803922,0.509804,-0.806141,-0.80614
0.823529,0.509804,-0.839742,-0.839741
0.843137,0.509804,-0.870158,-0.870156
0.862745,0.509804,-0.897273,-0.897271
0.882353,0.509804,-0.920984,-0.920982
0.901961,0.509804,-0.941202,-0.9412
0.921569,0.509804,-0.957849,-0.957847
0.941176,0.509804,-0.970863,-0.970861
0.960784,0.509804,-0.980194,-0.980192
0.980392,0.509804,-0.985807,-0.985805
0.0196078,0.529412,0.893026,0.893025
0.0392157,0.529412,0.887942,0.88794
0.0588235,0.529412,0.879489,0.879487
0.0784314,0.529412,0.8677,0.867698
0.0980392,0.529412,0.85262,0.852618
0.117647,0.529412,0.834305,0.834303
0.137255,0.529412,0.812825,0.812824
0.156863,0.529412,0.788262,0.788261
0.176471,0.529412,0.760709,0.760708
0.196078,0.529412,0.730271,0.730269
0.215686,0.529412,0.697062,0.69706
0.235294,0.529412,0.661209,0.661207
0.254902,0.529412,0.622847,0.622846
0.27451,0.529412,0.582123,0.582122
0.294118,0.529412,0.539191,0.53919
0.313725,0.529412,0.494214,0.494213
0.333333,0.529412,0.447362,0.447361
0.352941,0.529412,0.398813,0.398812
0.372549,0.529412,0.348751,0.34875
0.392157,0.529412,0.297366,0.297365
0.411765,0.529412,0.244853,0.244852
0.431373,0.529412,0.191411,0.191411
0.45098,0.529412,0.137243,0.137243
0.470588,0.529412,0.0825547,0.0825545
0.490196,0.529412,0.0275531,0.027553
0.509804,0.529412,-0.0275531,-0.027553
0.529412,0.529412,-0.0825547,-0.0825545
0.54902,0.529412,-0.137243,-0.137243
0.568627,0.529412,-0.191411,-0.191411
0.588235,0.529412,-0.244853,-0.244852
0.607843,0.529412,-0.297366,-0.297365
0.627451,0.529412,-0.348751,-0.34875
0.647059,0.529412,-0.398813,-0.398812
0.666667,0.529412,-0.447362,-0.447361
0.686275,0.529412,-0.494214,-0.494213
0.705882,0.529412,-0.539191,-0.53919
0.72549,0.529412,-0.582123,-0.582122
0.745098,0.529412,-0.622847,-0.622846
0.764706,0.529412,-0.661209,-0.661207
0.784314,0.529412,-0.697062,-0.69706
0.803922,0.529412,-0.730271,-0.730269
0.823529,0.529412,-0.760709,-0.760708
0.843137,0.529412,-0.788262,-0.788261
0.862745,0.529412,-0.812825,-0.812824
0.882353,0.529412,-0.834305,-0.834303
0.901961,0.529412,-0.85262,-0.852618
0.921569,0.529412,-0.8677,-0.867698
0.941176,0.529412,-0.879489,-0.879487
0.960784,0.529412,-0.887942,-0.88794
0.980392,0.529412,-0.893026,-0.893025
0.0196078,0.54902,0.716198,0.716197
0.0392157,0.54902,0.71212,0.712119
0.0588235,0.54902,0.705341,0.70534
0.0784314,0.54902,0.695887,0.695885
0.0980392,0.54902,0.683792,0.683791
0.117647,0.54902,0.669104,0.669103
0.137255,0.54902,0.651878,0.651876
0.156863,0.54902,0.632178,0.632177
0.176471,0.54902,0.610081,0.61008
0.196078,0.54902,0.58567,0.585668
0.215686,0.54902,0.559036,0.559035
0.235294,0.54902,0.530283,0.530282
0.254902,0.54902,0.499517,0.499516
0.27451,0.54902,0.466857,0.466856
0.294118,0.54902,0.432426,0.432425
0.313725,0.54902,0.396355,0.396354
0.333333,0.54902,0.35878,0.358779
0.352941,0.54902,0.319844,0.319843
0.372549,0.54902,0.279694,0.279694
0.392157,0.54902,0.238484,0.238484
0.411765,0.54902,0.196369,0.196369
0.431373,0.54902,0.15351,0.153509
0.45098,0.54902,0.110068,0.110067
0.470588,0.54902,0.066208,0.0662079
0.490196,0.54902,0.0220973,0.0220972
0.509804,0.54902,-0.0220973,-0.0220972
0.529412,0.54902,-0.066208,-0.0662079
0.54902,0.54902,-0.110068,-0.110067
0.568627,0.54902,-0.15351,-0.153509
0.588235,0.54902,-0.196369,-0.196369
0.607843,0.54902,-0.238484,-0.238484
0.627451,0.54902,-0.279694,-0.279694
0.647059,0.54902,-0.319844,-0.319843
0.666667,0.54902,-0.35878,-0.358779
0.686275,0.54902,-0.396355,-0.396354
0.705882,0.54902,-0.432426,-0.432425
0.72549,0.54902,-0.466857,-0.466856
0.745098,0.54902,-0.499517,-0.499516
0.764706,0.54902,-0.530283,-0.530282
0.784314,0.54902,-0.559036,-0.559035
0.803922,0.54902,-0.58567,-0.585668
0.823529,0.54902,-0.610081,-0.61008
0.843137,0.54902,-0.632178,-0.632177
0.862745,0.54902,-0.651878,-0.651876
0.882353,0.54902,-0.669104,-0.669103
0.901961,0.54902,-0.683792,-0.683791
0.921569,0.54902,-0.695887,-0.695885
0.941176,0.54902,-0.705341,-0.70534
0.960784,0.54902,-0.71212,-0.712119
0.980392,0.54902,-0.716198,-0.716197
0.0196078,0.568627,0.471964,0.471963
0.0392157,0.568627,0.469277,0.469276
0.0588235,0.568627,0.46481,0.464809
0.0784314,0.568627,0.458579,0.458578
0.0980392,0.568627,0.450609,0.450608
0.117647,0.568627,0.44093,0.440929
0.137255,0.568627,0.429578,0.429577
0.156863,0.568627,0.416596,0.416596
0.176471,0.568627,0.402035,0.402034
0.196078,0.568627,0.385948,0.385947
0.215686,0.568627,0.368397,0.368396
0.235294,0.568627,0.349449,0.349448
0.254902,0.568627,0.329175,0.329174
0.27451,0.568627,0.307652,0.307651
0.294118,0.568627,0.284962,0.284962
0.313725,0.568627,0.261192,0.261191
0.333333,0.568627,0.236431,0.23643
0.352941,0.568627,0.210772,0.210772
0.372549,0.568627,0.184315,0.184314
0.392157,0.568627,0.157158,0.157157
0.411765,0.568627,0.129405,0.129404
0.431373,0.568627,0.101161,0.10116
0.45098,0.568627,0.072533,0.0725328
0.470588,0.568627,0.0436301,0.04363
0.490196,0.568627,0.0145618,0.0145618
0.509804,0.568627,-0.0145618,-0.0145618
0.529412,0.568627,-0.0436301,-0.04363
0.54902,0.568627,-0.072533,-0.0725328
0.568627,0.568627,-0.101161,-0.10116
0.588235,0.568627,-0.129405,-0.129404
0.607843,0.568627,-0.157158,-0.157157
0.627451,0.568627,-0.184315,-0.184314
0.647059,0.568627,-0.210772,-0.210772
0.666667,0.568627,-0.236431,-0.23643
0.686275,0.568627,-0.261192,-0.261191
0.705882,0.568627,-0.284962,-0.284962
0.72549,0.568627,-0.307652,-0.307651
0.745098,0.568627,-0.329175,-0.329174
0.764706,0.568627,-0.349449,-0.349448
0.784314,0.568627,-0.368397,-0.368396
0.803922,0.568627,-0.385948,-0.385947
0.823529,0.568627,-0.402035,-0.402034
0.843137,0.568627,-0.416596,-0.416596
0.862745,0.568627,-0.429578,-0.429577
0.882353,0.568627,-0.44093,-0.440929
0.901961,0.568627,-0.450609,-0.450608
0.921569,0.568627,-0.458579,-0.458578
0.941176,0.568627,-0.46481,-0.464809
0.960784,0.568627,-0.469277,-0.469276
0.980392,0.568627,-0.471964,-0.471963
0.0196078,0.588235,0.183311,0.183311
0.0392157,0.588235,0.182267,0.182267
0.0588235,0.588235,0.180532,0.180532
0.0784314,0.588235,0.178112,0.178112
0.0980392,0.588235,0.175017,0.175016
0.117647,0.588235,0.171257,0.171257
0.137255,0.588235,0.166848,0.166848
0.156863,0.588235,0.161806,0.161806
0.176471,0.588235,0.15615,0.15615
0.196078,0.588235,0.149902,0.149902
0.215686,0.588235,0.143085,0.143085
0.235294,0.588235,0.135726,0.135726
0.254902,0.588235,0.127851,0.127851
0.27451,0.588235,0.119492,0.119492
0.294118,0.588235,0.110679,0.110679
0.313725,0.588235,0.101447,0.101447
0.333333,0.588235,0.0918296,0.0918294
0.352941,0.588235,0.081864,0.0818638
0.372549,0.588235,0.0715878,0.0715876
0.392157,0.588235,0.06104,0.0610399
0.411765,0.588235,0.0502607,0.0502606
0.431373,0.588235,0.0392908,0.0392907
0.45098,0.588235,0.0281718,0.0281717
0.470588,0.588235,0.0169459,0.0169459
0.490196,0.588235,0.0056558,0.00565579
0.509804,0.588235,-0.0056558,-0.00565579
0.529412,0.588235,-0.0169459,-0.0169459
0.54902,0.588235,-0.0281718,-0.0281717
0.568627,0.588235,-0.0392908,-0.0392907
0.588235,0.588235,-0.0502607,-0.0502606
0.607843,0.588235,-0.06104,-0.0610399
0.627451,0.588235,-0.0715878,-0.0715876
0.647059,0.588235,-0.081864,-0.0818638
0.666667,0.588235,-0.0918296,-0.0918294
0.686275,0.588235,-0.101447,-0.101447
0.705882,0.588235,-0.110679,-0.110679
0.72549,0.588235,-0.119492,-0.119492
0.745098,0.588235,-0.127851,-0.127851
0.764706,0.588235,-0.135726,-0.135726
0.784314,0.588235,-0.143085,-0.143085
0.803922,0.588235,-0.149902,-0.149902
0.823529,0.588235,-0.15615,-0.15615
0.843137,0.588235,-0.161806,-0.161806
0.862745,0.588235,-0.166848,-0.166848
0.882353,0.588235,-0.171257,-0.171257
0.901961,0.588235,-0.175017,-0.175016
0.921569,0.588235,-0.178112,-0.178112
0.941176,0.588235,-0.180532,-0.180532
0.960784,0.588235,-0.182267,-0.182267
0.980392,0.588235,-0.183311,-0.183311
0.0196078,0.607843,-0.122595,-0.122595
0.0392157,0.607843,-0.121897,-0.121897
0.0588235,0.607843,-0.120737,-0.120736
0.0784314,0.607843,-0.119118,-0.119118
0.0980392,0.607843,-0.117048,-0.117048
0.117647,0.607843,-0.114534,-0.114533
0.137255,0.607843,-0.111585,-0.111585
0.156863,0.607843,-0.108213,-0.108213
0.176471,0.607843,-0.10443,-0.10443
0.196078,0.607843,-0.100252,-0.100252
0.215686,0.607843,-0.0956928,-0.0956926
0.235294,0.607843,-0.0907709,-0.0907707
0.254902,0.607843,-0.0855047,-0.0855045
0.27451,0.607843,-0.0799141,-0.0799139
0.294118,0.607843,-0.0740204,-0.0740202
0.313725,0.607843,-0.0678458,-0.0678457
0.333333,0.607843,-0.061414,-0.0614138
0.352941,0.607843,-0.0547491,-0.054749
0.372549,0.607843,-0.0478766,-0.0478765
0.392157,0.607843,-0.0408224,-0.0408224
0.411765,0.607843,-0.0336135,-0.0336134
0.431373,0.607843,-0.026277,-0.0262769
0.45098,0.607843,-0.0188408,-0.0188407
0.470588,0.607843,-0.0113331,-0.0113331
0.490196,0.607843,-0.00378249,-0.00378249
0.509804,0.607843,0.00378249,0.00378249
0.529412,0.607843,0.0113331,0.0113331
0.54902,0.607843,0.0188408,0.0188407
0.568627,0.607843,0.026277,0.0262769
0.588235,0.607843,0.0336135,0.0336134
0.607843,0.607843,0.0408224,0.0408224
0.627451,0.607843,0.0478766,0.0478765
0.647059,0.607843,0.0547491,0.054749
0.666667,0.607843,0.061414,0.0614138
0.686275,0.607843,0.0678458,0.0678457
0.705882,0.607843,0.0740204,0.0740202
0.72549,0.607843,0.0799141,0.0799139
0.745098,0.607843,0.0855047,0.0855045
0.764706,0.607843,0.0907709,0.0907707
0.784314,0.607843,0.0956928,0.0956926
0.803922,0.607843,0.100252,0.100252
0.823529,0.607843,0.10443,0.10443
0.843137,0.607843,0.108213,0.108213
0.862745,0.607843,0.111585,0.111585
0.882353,0.607843,0.114534,0.114533
0.901961,0.607843,0.117048,0.117048
0.921569,0.607843,0.119118,0.119118
0.941176,0.607843,0.120737,0.120736
0.960784,0.607843,0.121897,0.121897
0.980392,0.607843,0.122595,0.122595
0.0196078,0.627451,-0.416963,-0.416962
0.0392157,0.627451,-0.414589,-0.414588
0.0588235,0.627451,-0.410642,-0.410641
0.0784314,0.627451,-0.405138,-0.405137
0.0980392,0.627451,-0.398096,-0.398095
0.117647,0.627451,-0.389545,-0.389544
0.137255,0.627451,-0.379516,-0.379515
0.156863,0.627451,-0.368047,-0.368046
0.176471,0.627451,-0.355182,-0.355182
0.196078,0.627451,-0.34097,-0.34097
0.215686,0.627451,-0.325465,-0.325464
0.235294,0.627451,-0.308725,-0.308724
0.254902,0.627451,-0.290813,-0.290813
0.27451,0.627451,-0.271799,-0.271798
0.294118,0.627451,-0.251754,-0.251753
0.313725,0.627451,-0.230753,-0.230753
0.333333,0.627451,-0.208878,-0.208877
0.352941,0.627451,-0.186209,-0.186209
0.372549,0.627451,-0.162835,-0.162835
0.392157,0.627451,-0.138843,-0.138843
0.411765,0.627451,-0.114324,-0.114324
0.431373,0.627451,-0.0893716,-0.0893714
0.45098,0.627451,-0.0640801,-0.06408
0.470588,0.627451,-0.0385456,-0.0385455
0.490196,0.627451,-0.0128648,-0.0128648
0.509804,0.627451,0.0128648,0.0128648
0.529412,0.627451,0.0385456,0.0385455
0.54902,0.627451,0.0640801,0.06408
0.568627,0.627451,0.0893716,0.0893714
0.588235,0.627451,0.114324,0.114324
0.607843,0.627451,0.138843,0.138843
0.627451,0.627451,0.162835,0.162835
0.647059,0.627451,0.186209,0.186209
0.666667,0.627451,0.208878,0.208877
0.686275,0.627451,0.230753,0.230753
0.705882,0.627451,0.251754,0.251753
0.72549,0.627451,0.271799,0.271798
0.745098,0.627451,0.290813,0.290813
0.764706,0.627451,0.308725,0.308724
0.784314,0.627451,0.325465,0.325464
0.803922,0.627451,0.34097,0.34097
0.823529,0.627451,0.355182,0.355182
0.843137,0.627451,0.368047,0.368046
0.862745,0.627451,0.379516,0.379515
0.882353,0.627451,0.389545,0.389544
0.901961,0.627451,0.398096,0.398095
0.921569,0.627451,0.405138,0.405137
0.941176,0.627451,0.410642,0.410641
0.960784,0.627451,0.414589,0.414588
0.980392,0.627451,0.416963,0.416962
0.0196078,0.647059,-0.672087,-0.672086
0.0392157,0.647059,-0.668261,-0.66826
0.0588235,0.647059,-0.661899,-0.661898
0.0784314,0.647059,-0.653027,-0.653026
0.0980392,0.647059,-0.641677,-0.641676
0.117647,0.647059,-0.627894,-0.627893
0.137255,0.647059,-0.611728,-0.611727
0.156863,0.647059,-0.593242,-0.593241
0.176471,0.647059,-0.572506,-0.572505
0.196078,0.647059,-0.549598,-0.549597
0.215686,0.647059,-0.524605,-0.524604
0.235294,0.647059,-0.497622,-0.497621
0.254902,0.647059,-0.468752,-0.468751
0.27451,0.647059,-0.438103,-0.438102
0.294118,0.647059,-0.405793,-0.405792
0.313725,0.647059,-0.371943,-0.371942
0.333333,0.647059,-0.336682,-0.336682
0.352941,0.647059,-0.300144,-0.300144
0.372549,0.647059,-0.262468,-0.262467
0.392157,0.647059,-0.223796,-0.223796
0.411765,0.647059,-0.184275,-0.184275
0.431373,0.647059,-0.144055,-0.144055
0.45098,0.647059,-0.103289,-0.103288
0.470588,0.647059,-0.0621303,-0.0621301
0.490196,0.647059,-0.0207363,-0.0207363
0.509804,0.647059,0.0207363,0.0207363
0.529412,0.647059,0.0621303,0.0621301
0.54902,0.647059,0.103289,0.103288
0.568627,0.647059,0.144055,0.144055
0.588235,0.647059,0.184275,0.184275
0.607843,0.647059,0.223796,0.223796
0.627451,0.647059,0.262468,0.262467
0.647059,0.647059,0.300144,0.300144
0.666667,0.647059,0.336682,0.336682
0.686275,0.647059,0.371943,0.371942
0.705882,0.647059,0.405793,0.405792
0.72549,0.647059,0.438103,0.438102
0.745098,0.647059,0.468752,0.468751
0.764706,0.647059,0.497622,0.497621
0.784314,0.647059,0.524605,0.524604
0.803922,0.647059,0.549598,0.549597
0.823529,0.647059,0.572506,0.572505
0.843137,0.647059,0.593242,0.593241
0.862745,0.647059,0.611728,0.611727
0.882353,0.647059,0.627894,0.627893
0.901961,0.647059,0.641677,0.641676
0.921569,0.647059,0.653027,0.653026
0.941176,0.647059,0.661899,0.661898
0.960784,0.647059,0.668261,0.66826
0.980392,0.647059,0.672087,0.672086
0.0196078,0.666667,-0.863958,-0.863956
0.0392157,0.666667,-0.859039,-0.859037
0.0588235,0.666667,-0.850861,-0.85086
0.0784314,0.666667,-0.839456,-0.839454
0.0980392,0.666667,-0.824867,-0.824865
0.117647,0.666667,-0.807148,-0.807146
0.137255,0.666667,-0.786367,-0.786366
0.156863,0.666667,-0.762604,-0.762603
0.176471,0.666667,-0.735948,-0.735946
0.196078,0.666667,-0.7065,-0.706499
0.215686,0.666667,-0.674372,-0.674371
0.235294,0.666667,-0.639686,-0.639685
0.254902,0.666667,-0.602574,-0.602572
0.27451,0.666667,-0.563175,-0.563174
0.294118,0.666667,-0.521641,-0.521639
0.313725,0.666667,-0.478127,-0.478126
0.333333,0.666667,-0.4328,-0.432799
0.352941,0.666667,-0.385831,-0.38583
0.372549,0.666667,-0.337399,-0.337398
0.392157,0.666667,-0.287686,-0.287686
0.411765,0.666667,-0.236883,-0.236882
0.431373,0.666667,-0.18518,-0.18518
0.45098,0.666667,-0.132776,-0.132776
0.470588,0.666667,-0.0798675,-0.0798673
0.490196,0.666667,-0.0266562,-0.0266561
0.509804,0.666667,0.0266562,0.0266561
0.529412,0.666667,0.0798675,0.0798673
0.54902,0.666667,0.132776,0.132776
0.568627,0.666667,0.18518,0.18518
0.588235,0.666667,0.236883,0.236882
0.607843,0.666667,0.287686,0.287686
0.627451,0.666667,0.337399,0.337398
0.647059,0.666667,0.385831,0.38583
0.666667,0.666667,0.4328,0.432799
0.686275,0.666667,0.478127,0.478126
0.705882,0.666667,0.521641,0.521639
0.72549,0.666667,0.563175,0.563174
0.745098,0.666667,0.602574,0.602572
0.764706,0.666667,0.639686,0.639685
0.784314,0.666667,0.674372,0.674371
0.803922,0.666667,0.7065,0.706499
0.823529,0.666667,0.735948,0.735946
0.843137,0.666667,0.762604,0.762603
0.862745,0.666667,0.786367,0.786366
0.882353,0.666667,0.807148,0.807146
0.901961,0.666667,0.824867,0.824865
0.921569,0.666667,0.839456,0.839454
0.941176,0.666667,0.850861,0.85086
0.960784,0.666667,0.859039,0.859037
0.980392,0.666667,0.863958,0.863956
0.0196078,0.686275,-0.974516,-0.974515
0.0392157,0.686275,-0.968968,-0.968966
0.0588235,0.686275,-0.959744,-0.959742
0.0784314,0.686275,-0.946879,-0.946877
0.0980392,0.686275,-0.930422,-0.930421
0.117647,0.686275,-0.910436,-0.910435
0.137255,0.686275,-0.886997,-0.886995
0.156863,0.686275,-0.860192,-0.860191
0.176471,0.686275,-0.830125,-0.830123
0.196078,0.686275,-0.796909,-0.796907
0.215686,0.686275,-0.76067,-0.760668
0.235294,0.686275,-0.721545,-0.721543
0.254902,0.686275,-0.679683,-0.679682
0.27451,0.686275,-0.635243,-0.635242
0.294118,0.686275,-0.588393,-0.588392
0.313725,0.686275,-0.539312,-0.539311
0.333333,0.686275,-0.488184,-0.488183
0.352941,0.686275,-0.435205,-0.435204
0.372549,0.686275,-0.380575,-0.380574
0.392157,0.686275,-0.324501,-0.3245
0.411765,0.686275,-0.267196,-0.267195
0.431373,0.686275,-0.208878,-0.208877
0.45098,0.686275,-0.149767,-0.149766
0.470588,0.686275,-0.0900879,-0.0900877
0.490196,0.686275,-0.0300673,-0.0300673
0.509804,0.686275,0.0300673,0.0300673
0.529412,0.686275,0.0900879,0.0900877
0.54902,0.686275,0.149767,0.149766
0.568627,0.686275,0.208878,0.208877
0.588235,0.686275,0.267196,0.267195
0.607843,0.686275,0.324501,0.3245
0.627451,0.686275,0.380575,0.380574
0.647059,0.686275,0.435205,0.435204
0.666667,0.686275,0.488184,0.488183
0.686275,0.686275,0.539312,0.539311
0.705882,0.686275,0.588393,0.588392
0.72549,0.686275,0.635243,0.635242
0.745098,0.686275,0.679683,0.679682
0.764706,0.686275,0.721545,0.721543
0.784314,0.686275,0.76067,0.760668
0.803922,0.686275,0.796909,0.796907
0.823529,0.686275,0.830125,0.830123
0.843137,0.686275,0.860192,0.860191
0.862745,0.686275,0.886997,0.886995
0.882353,0.686275,0.910436,0.910435
0.901961,0.686275,0.930422,0.930421
0.921569,0.686275,0.946879,0.946877
0.941176,0.686275,0.959744,0.959742
0.960784,0.686275,0.968968,0.968966
0.980392,0.686275,0.974516,0.974515
0.0196078,0.705882,-0.993357,-0.993355
0.0392157,0.705882,-0.987702,-0.987699
0.0588235,0.705882,-0.978299,-0.978297
0.0784314,0.705882,-0.965186,-0.965184
0.0980392,0.705882,-0.948411,-0.948409
0.117647,0.705882,-0.928038,-0.928036
0.137255,0.705882,-0.904146,-0.904144
0.156863,0.705882,-0.876823,-0.876821
0.176471,0.705882,-0.846174,-0.846173
0.196078,0.705882,-0.812316,-0.812314
0.215686,0.705882,-0.775376,-0.775374
0.235294,0.705882,-0.735495,-0.735493
0.254902,0.705882,-0.692824,-0.692822
0.27451,0.705882,-0.647525,-0.647523
0.294118,0.705882,-0.599769,-0.599768
0.313725,0.705882,-0.549738,-0.549737
0.333333,0.705882,-0.497622,-0.497621
0.352941,0.705882,-0.443619,-0.443618
0.372549,0.705882,-0.387932,-0.387932
0.392157,0.705882,-0.330774,-0.330774
0.411765,0.705882,-0.272362,-0.272361
0.431373,0.705882,-0.212916,-0.212915
0.45098,0.705882,-0.152662,-0.152662
0.470588,0.705882,-0.0918296,-0.0918294
0.490196,0.705882,-0.0306486,-0.0306486
0.509804,0.705882,0.0306486,0.0306486
0.529412,0.705882,0.0918296,0.0918294
0.54902,0.705882,0.152662,0.152662
0.568627,0.705882,0.212916,0.212915
0.588235,0.705882,0.272362,0.272361
0.607843,0.705882,0.330774,0.330774
0.627451,0.705882,0.387932,0.387932
0.647059,0.705882,0.443619,0.443618
0.666667,0.705882,0.497622,0.497621
0.686275,0.705882,0.549738,0.549737
0.705882,0.705882,0.599769,0.599768
0.72549,0.705882,0.647525,0.647523
0.745098,0.705882,0.692824,0.692822
0.764706,0.705882,0.735495,0.735493
0.784314,0.705882,0.775376,0.775374
0.803922,0.705882,0.812316,0.812314
0.823529,0.705882,0.846174,0.846173
0.843137,0.705882,0.876823,0.876821
0.862745,0.705882,0.904146,0.904144
0.882353,0.705882,0.928038,0.928036
0.901961,0.705882,0.948411,0.948409
0.921569,0.705882,0.965186,0.965184
0.941176,0.705882,0.978299,0.978297
0.960784,0.705882,0.987702,0.987699
0.980392,0.705882,0.993357,0.993355
0.0196078,0.72549,-0.918707,-0.918705
0.0392157,0.72549,-0.913477,-0.913475
0.0588235,0.72549,-0.904781,-0.904779
0.0784314,0.72549,-0.892653,-0.892651
0.0980392,0.72549,-0.877138,-0.877137
0.117647,0.72549,-0.858297,-0.858295
0.137255,0.72549,-0.8362,-0.836198
0.156863,0.72549,-0.81093,-0.810929
0.176471,0.72549,-0.782585,-0.782583
0.196078,0.72549,-0.751271,-0.751269
0.215686,0.72549,-0.717107,-0.717106
0.235294,0.72549,-0.680223,-0.680222
0.254902,0.72549,-0.640759,-0.640757
0.27451,0.72549,-0.598864,-0.598862
0.294118,0.72549,-0.554697,-0.554696
0.313725,0.72549,-0.508426,-0.508425
0.333333,0.72549,-0.460227,-0.460226
0.352941,0.72549,-0.410281,-0.41028
0.372549,0.72549,-0.35878,-0.358779
0.392157,0.72549,-0.305917,-0.305916
0.411765,0.72549,-0.251894,-0.251893
0.431373,0.72549,-0.196915,-0.196915
0.45098,0.72549,-0.14119,-0.14119
0.470588,0.72549,-0.0849287,-0.0849285
0.490196,0.72549,-0.0283454,-0.0283453
0.509804,0.72549,0.0283454,0.0283453
0.529412,0.72549,0.0849287,0.0849285
0.54902,0.72549,0.14119,0.14119
0.568627,0.72549,0.196915,0.196915
0.588235,0.72549,0.251894,0.251893
0.607843,0.72549,0.305917,0.305916
0.627451,0.72549,0.35878,0.358779
0.647059,0.72549,0.410281,0.41028
0.666667,0.72549,0.460227,0.460226
0.686275,0.72549,0.508426,0.508425
0.705882,0.72549,0.554697,0.554696
0.72549,0.72549,0.598864,0.598862
0.745098,0.72549,0.640759,0.640757
0.764706,0.72549,0.680223,0.680222
0.784314,0.72549,0.717107,0.717106
0.803922,0.72549,0.751271,0.751269
0.823529,0.72549,0.782585,0.782583
0.843137,0.72549,0.81093,0.810929
0.862745,0.72549,0.8362,0.836198
0.882353,0.72549,0.858297,0.858295
0.901961,0.72549,0.877138,0.877137
0.921569,0.72549,0.892653,0.892651
0.941176,0.72549,0.904781,0.904779
0.960784,0.72549,0.913477,0.913475
0.980392,0.72549,0.918707,0.918705
0.0196078,0.745098,-0.757592,-0.757591
0.0392157,0.745098,-0.753279,-0.753277
0.0588235,0.745098,-0.746108,-0.746106
0.0784314,0.745098,-0.736107,-0.736105
0.0980392,0.745098,-0.723313,-0.723312
0.117647,0.745098,-0.707776,-0.707775
0.137255,0.745098,-0.689554,-0.689553
0.156863,0.745098,-0.668716,-0.668715
0.176471,0.745098,-0.645342,-0.645341
0.196078,0.745098,-0.619519,-0.619518
0.215686,0.745098,-0.591347,-0.591346
0.235294,0.745098,-0.560931,-0.56093
0.254902,0.745098,-0.528388,-0.528387
0.27451,0.745098,-0.49384,-0.493839
0.294118,0.745098,-0.457419,-0.457418
0.313725,0.745098,-0.419263,-0.419262
0.333333,0.745098,-0.379516,-0.379515
0.352941,0.745098,-0.33833,-0.338329
0.372549,0.745098,-0.29586,-0.295859
0.392157,0.745098,-0.252268,-0.252267
0.411765,0.745098,-0.207719,-0.207718
0.431373,0.745098,-0.162382,-0.162382
0.45098,0.745098,-0.116429,-0.116429
0.470588,0.745098,-0.0700346,-0.0700345
0.490196,0.745098,-0.0233744,-0.0233744
0.509804,0.745098,0.0233744,0.0233744
0.529412,0.745098,0.0700346,0.0700345
0.54902,0.745098,0.116429,0.116429
0.568627,0.745098,0.162382,0.162382
0.588235,0.745098,0.207719,0.207718
0.607843,0.745098,0.252268,0.252267
0.627451,0.745098,0.29586,0.295859
0.647059,0.745098,0.33833,0.338329
0.666667,0.745098,0.379516,0.379515
0.686275,0.745098,0.419263,0.419262
0.705882,0.745098,0.457419,0.457418
0.72549,0.745098,0.49384,0.493839
0.745098,0.745098,0.528388,0.528387
0.764706,0.745098,0.560931,0.56093
0.784314,0.745098,0.591347,0.591346
0.803922,0.745098,0.619519,0.619518
0.823529,0.745098,0.645342,0.645341
0.843137,0.745098,0.668716,0.668715
0.862745,0.745098,0.689554,0.689553
0.882353,0.745098,0.707776,0.707775
0.901961,0.745098,0.723313,0.723312
0.921569,0.745098,0.736107,0.736105
0.941176,0.745098,0.746108,0.746106
0.960784,0.745098,0.753279,0.753277
0.980392,0.745098,0.757592,0.757591
0.0196078,0.764706,-0.525176,-0.525174
0.0392157,0.764706,-0.522185,-0.522184
0.0588235,0.764706,-0.517214,-0.517213
0.0784314,0.764706,-0.510281,-0.51028
0.0980392,0.764706,-0.501413,-0.501412
0.117647,0.764706,-0.490642,-0.490641
0.137255,0.764706,-0.47801,-0.478009
0.156863,0.764706,-0.463565,-0.463564
0.176471,0.764706,-0.447362,-0.447361
0.196078,0.764706,-0.429461,-0.42946
0.215686,0.764706,-0.409932,-0.409931
0.235294,0.764706,-0.388847,-0.388846
0.254902,0.764706,-0.366287,-0.366286
0.27451,0.764706,-0.342338,-0.342337
0.294118,0.764706,-0.31709,-0.31709
0.313725,0.764706,-0.29064,-0.290639
0.333333,0.764706,-0.263087,-0.263086
0.352941,0.764706,-0.234536,-0.234535
0.372549,0.764706,-0.205095,-0.205095
0.392157,0.764706,-0.174876,-0.174876
0.411765,0.764706,-0.143994,-0.143994
0.431373,0.764706,-0.112566,-0.112566
0.45098,0.764706,-0.0807106,-0.0807105
0.470588,0.764706,-0.0485492,-0.0485491
0.490196,0.764706,-0.0162035,-0.0162035
0.509804,0.764706,0.0162035,0.0162035
0.529412,0.764706,0.0485492,0.0485491
0.54902,0.764706,0.0807106,0.0807105
0.568627,0.764706,0.112566,0.112566
0.588235,0.764706,0.143994,0.143994
0.607843,0.764706,0.174876,0.174876
0.627451,0.764706,0.205095,0.205095
0.647059,0.764706,0.234536,0.234535
0.666667,0.764706,0.263087,0.263086
0.686275,0.764706,0.29064,0.290639
0.705882,0.764706,0.31709,0.31709
0.72549,0.764706,0.342338,0.342337
0.745098,0.764706,0.366287,0.366286
0.764706,0.764706,0.388847,0.388846
0.784314,0.764706,0.409932,0.409931
0.803922,0.764706,0.429461,0.42946
0.823529,0.764706,0.447362,0.447361
0.843137,0.764706,0.463565,0.463564
0.862745,0.764706,0.47801,0.478009
0.882353,0.764706,0.490642,0.490641
0.901961,0.764706,0.501413,0.501412
0.921569,0.764706,0.510281,0.51028
0.941176,0.764706,0.517214,0.517213
0.960784,0.764706,0.522185,0.522184
0.980392,0.764706,0.525176,0.525174
0.0196078,0.784314,-0.243331,-0.243331
0.0392157,0.784314,-0.241946,-0.241946
0.0588235,0.784314,-0.239643,-0.239642
0.0784314,0.784314,-0.236431,-0.23643
0.0980392,0.784314,-0.232321,-0.232321
0.117647,0.784314,-0.227331,-0.227331
0.137255,0.784314,-0.221478,-0.221478
0.156863,0.784314,-0.214785,-0.214785
0.176471,0.784314,-0.207278,-0.207277
0.196078,0.784314,-0.198984,-0.198983
0.215686,0.784314,-0.189935,-0.189935
0.235294,0.784314,-0.180166,-0.180165
0.254902,0.784314,-0.169713,-0.169713
0.27451,0.784314,-0.158617,-0.158616
0.294118,0.784314,-0.146919,-0.146918
0.313725,0.784314,-0.134663,-0.134663
0.333333,0.784314,-0.121897,-0.121897
0.352941,0.784314,-0.108668,-0.108668
0.372549,0.784314,-0.0950274,-0.0950272
0.392157,0.784314,-0.0810261,-0.0810259
0.411765,0.784314,-0.0667174,-0.0667172
0.431373,0.784314,-0.0521556,-0.0521555
0.45098,0.784314,-0.0373959,-0.0373959
0.470588,0.784314,-0.0224945,-0.0224944
0.490196,0.784314,-0.00750765,-0.00750763
0.509804,0.784314,0.00750765,0.00750763
0.529412,0.784314,0.0224945,0.0224944
0.54902,0.784314,0.0373959,0.0373959
0.568627,0.784314,0.0521556,0.0521555
0.588235,0.784314,0.0667174,0.0667172
0.607843,0.784314,0.0810261,0.0810259
0.627451,0.784314,0.0950274,0.0950272
0.647059,0.784314,0.108668,0.108668
0.666667,0.784314,0.121897,0.121897
0.686275,0.784314,0.134663,0.134663
0.705882,0.784314,0.146919,0.146918
0.72549,0.784314,0.158617,0.158616
0.745098,0.784314,0.169713,0.169713
0.764706,0.784314,0.180166,0.180165
0.784314,0.784314,0.189935,0.189935
0.803922,0.784314,0.198984,0.198983
0.823529,0.784314,0.207278,0.207277
0.843137,0.784314,0.214785,0.214785
0.862745,0.784314,0.221478,0.221478
0.882353,0.784314,0.227331,0.227331
0.901961,0.784314,0.232321,0.232321
0.921569,0.784314,0.236431,0.23643
0.941176,0.784314,0.239643,0.239642
0.960784,0.784314,0.241946,0.241946
0.980392,0.784314,0.243331,0.243331
0.0196078,0.803922,0.061414,0.0614138
0.0392157,0.803922,0.0610643,0.0610642
0.0588235,0.803922,0.060483,0.0604829
0.0784314,0.803922,0.0596722,0.0596721
0.0980392,0.803922,0.0586352,0.058635
0.117647,0.803922,0.0573756,0.0573755
0.137255,0.803922,0.0558985,0.0558984
0.156863,0.803922,0.0542093,0.0542092
0.176471,0.803922,0.0523144,0.0523143
0.196078,0.803922,0.0502211,0.050221
0.215686,0.803922,0.0479373,0.0479372
0.235294,0.803922,0.0454717,0.0454716
0.254902,0.803922,0.0428336,0.0428335
0.27451,0.803922,0.040033,0.0400329
0.294118,0.803922,0.0370805,0.0370804
0.313725,0.803922,0.0339874,0.0339873
0.333333,0.803922,0.0307653,0.0307653
0.352941,0.803922,0.0274266,0.0274265
0.372549,0.803922,0.0239838,0.0239837
0.392157,0.803922,0.02045,0.02045
0.411765,0.803922,0.0168387,0.0168386
0.431373,0.803922,0.0131634,0.0131634
0.45098,0.803922,0.00943829,0.00943827
0.470588,0.803922,0.00567733,0.00567732
0.490196,0.803922,0.00189484,0.00189484
0.509804,0.803922,-0.00189484,-0.00189484
0.529412,0.803922,-0.00567733,-0.00567732
0.54902,0.803922,-0.00943829,-0.00943827
0.568627,0.803922,-0.0131634,-0.0131634
0.588235,0.803922,-0.0168387,-0.0168386
0.607843,0.803922,-0.02045,-0.02045
0.627451,0.803922,-0.0239838,-0.0239837
0.647059,0.803922,-0.0274266,-0.0274265
0.666667,0.803922,-0.0307653,-0.0307653
0.686275,0.803922,-0.0339874,-0.0339873
0.705882,0.803922,-0.0370805,-0.0370804
0.72549,0.803922,-0.040033,-0.0400329
0.745098,0.803922,-0.0428336,-0.0428335
0.764706,0.803922,-0.0454717,-0.0454716
0.784314,0.803922,-0.0479373,-0.0479372
0.803922,0.803922,-0.0502211,-0.050221
0.823529,0.803922,-0.0523144,-0.0523143
0.843137,0.803922,-0.0542093,-0.0542092
0.862745,0.803922,-0.0558985,-0.0558984
0.882353,0.803922,-0.0573756,-0.0573755
0.901961,0.803922,-0.0586352,-0.058635
0.921569,0.803922,-0.0596722,-0.0596721
0.941176,0.803922,-0.060483,-0.0604829
0.960784,0.803922,-0.0610643,-0.0610642
0.980392,0.803922,-0.061414,-0.0614138
0.0196078,0.823529,0.360379,0.360379
0.0392157,0.823529,0.358328,0.358327
0.0588235,0.823529,0.354916,0.354916
0.0784314,0.823529,0.350159,0.350158
0.0980392,0.823529,0.344073,0.344073
0.117647,0.823529,0.336682,0.336682
0.137255,0.823529,0.328014,0.328014
0.156863,0.823529,0.318102,0.318101
0.176471,0.823529,0.306983,0.306982
0.196078,0.823529,0.294699,0.294699
0.215686,0.823529,0.281298,0.281298
0.235294,0.823529,0.26683,0.266829
0.254902,0.823529,0.251349,0.251349
0.27451,0.823529,0.234915,0.234914
0.294118,0.823529,0.21759,0.217589
0.313725,0.823529,0.199439,0.199439
0.333333,0.823529,0.180532,0.180532
0.352941,0.823529,0.16094,0.16094
0.372549,0.823529,0.140738,0.140737
0.392157,0.823529,0.120001,0.120001
0.411765,0.823529,0.0988099,0.0988097
0.431373,0.823529,0.0772436,0.0772434
0.45098,0.823529,0.0553842,0.0553841
0.470588,0.823529,0.0333148,0.0333147
0.490196,0.823529,0.011119,0.011119
0.509804,0.823529,-0.011119,-0.011119
0.529412,0.823529,-0.0333148,-0.0333147
0.54902,0.823529,-0.0553842,-0.0553841
0.568627,0.823529,-0.0772436,-0.0772434
0.588235,0.823529,-0.0988099,-0.0988097
0.607843,0.823529,-0.120001,-0.120001
0.627451,0.823529,-0.140738,-0.140737
0.647059,0.823529,-0.16094,-0.16094
0.666667,0.823529,-0.180532,-0.180532
0.686275,0.823529,-0.199439,-0.199439
0.705882,0.823529,-0.21759,-0.217589
0.72549,0.823529,-0.234915,-0.234914
0.745098,0.823529,-0.251349,-0.251349
0.764706,0.823529,-0.26683,-0.266829
0.784314,0.823529,-0.281298,-0.281298
0.803922,0.823529,-0.294699,-0.294699
0.823529,0.823529,-0.306983,-0.306982
0.843137,0.823529,-0.318102,-0.318101
0.862745,0.823529,-0.328014,-0.328014
0.882353,0.823529,-0.336682,-0.336682
0.901961,0.823529,-0.344073,-0.344073
0.921569,0.823529,-0.350159,-0.350158
0.941176,0.823529,-0.354916,-0.354916
0.960784,0.823529,-0.358328,-0.358327
0.980392,0.823529,-0.360379,-0.360379
0.0196078,0.843137,0.625427,0.625426
0.0392157,0.843137,0.621866,0.621865
0.0588235,0.843137,0.615946,0.615945
0.0784314,0.843137,0.60769,0.607689
0.0980392,0.843137,0.597129,0.597127
0.117647,0.843137,0.584302,0.584301
0.137255,0.843137,0.569259,0.569258
0.156863,0.843137,0.552056,0.552055
0.176471,0.843137,0.53276,0.532758
0.196078,0.843137,0.511442,0.511441
0.215686,0.843137,0.488184,0.488183
0.235294,0.843137,0.463075,0.463074
0.254902,0.843137,0.436209,0.436208
0.27451,0.843137,0.407688,0.407687
0.294118,0.843137,0.37762,0.37762
0.313725,0.843137,0.346121,0.34612
0.333333,0.843137,0.313308,0.313307
0.352941,0.843137,0.279307,0.279306
0.372549,0.843137,0.244246,0.244245
0.392157,0.843137,0.208259,0.208258
0.411765,0.843137,0.171482,0.171481
0.431373,0.843137,0.134054,0.134054
0.45098,0.843137,0.0961176,0.0961174
0.470588,0.843137,0.0578168,0.0578167
0.490196,0.843137,0.0192967,0.0192966
0.509804,0.843137,-0.0192967,-0.0192966
0.529412,0.843137,-0.0578168,-0.0578167
0.54902,0.843137,-0.0961176,-0.0961174
0.568627,0.843137,-0.134054,-0.134054
0.588235,0.843137,-0.171482,-0.171481
0.607843,0.843137,-0.208259,-0.208258
0.627451,0.843137,-0.244246,-0.244245
0.647059,0.843137,-0.279307,-0.279306
0.666667,0.843137,-0.313308,-0.313307
0.686275,0.843137,-0.346121,-0.34612
0.705882,0.843137,-0.37762,-0.37762
0.72549,0.843137,-0.407688,-0.407687
0.745098,0.843137,-0.436209,-0.436208
0.764706,0.843137,-0.463075,-0.463074
0.784314,0.843137,-0.488184,-0.488183
0.803922,0.843137,-0.511442,-0.511441
0.823529,0.843137,-0.53276,-0.532758
0.843137,0.843137,-0.552056,-0.552055
0.862745,0.843137,-0.569259,-0.569258
0.882353,0.843137,-0.584302,-0.584301
0.901961,0.843137,-0.597129,-0.597127
0.921569,0.843137,-0.60769,-0.607689
0.941176,0.843137,-0.615946,-0.615945
0.960784,0.843137,-0.621866,-0.621865
0.980392,0.843137,-0.625427,-0.625426
0.0196078,0.862745,0.831612,0.831611
0.0392157,0.862745,0.826878,0.826876
0.0588235,0.862745,0.819006,0.819004
0.0784314,0.862745,0.808028,0.808026
0.0980392,0.862745,0.793984,0.793983
0.117647,0.862745,0.776929,0.776928
0.137255,0.862745,0.756927,0.756925
0.156863,0.862745,0.734053,0.734052
0.176471,0.862745,0.708395,0.708393
0.196078,0.862745,0.680049,0.680048
0.215686,0.862745,0.649124,0.649123
0.235294,0.862745,0.615737,0.615736
0.254902,0.862745,0.580014,0.580013
0.27451,0.862745,0.542091,0.542089
0.294118,0.862745,0.502111,0.50211
0.313725,0.862745,0.460227,0.460226
0.333333,0.862745,0.416596,0.416596
0.352941,0.862745,0.371386,0.371385
0.372549,0.862745,0.324767,0.324766
0.392157,0.862745,0.276916,0.276915
0.411765,0.862745,0.228014,0.228014
0.431373,0.862745,0.178248,0.178247
0.45098,0.862745,0.127805,0.127805
0.470588,0.862745,0.0768773,0.0768772
0.490196,0.862745,0.0256582,0.0256582
0.509804,0.862745,-0.0256582,-0.0256582
0.529412,0.862745,-0.0768773,-0.0768772
0.54902,0.862745,-0.127805,-0.127805
0.568627,0.862745,-0.178248,-0.178247
0.588235,0.862745,-0.228014,-0.228014
0.607843,0.862745,-0.276916,-0.276915
0.627451,0.862745,-0.324767,-0.324766
0.647059,0.862745,-0.371386,-0.371385
0.666667,0.862745,-0.416596,-0.416596
0.686275,0.862745,-0.460227,-0.460226
0.705882,0.862745,-0.502111,-0.50211
0.72549,0.862745,-0.542091,-0.542089
0.745098,0.862745,-0.580014,-0.580013
0.764706,0.862745,-0.615737,-0.615736
0.784314,0.862745,-0.649124,-0.649123
0.803922,0.862745,-0.680049,-0.680048
0.823529,0.862745,-0.708395,-0.708393
0.843137,0.862745,-0.734053,-0.734052
0.862745,0.862745,-0.756927,-0.756925
0.882353,0.862745,-0.776929,-0.776928
0.901961,0.862745,-0.793984,-0.793983
0.921569,0.862745,-0.808028,-0.808026
0.941176,0.862745,-0.819006,-0.819004
0.960784,0.862745,-0.826878,-0.826876
0.980392,0.862745,-0.831612,-0.831611
0.0196078,0.882353,0.95953,0.959528
0.0392157,0.882353,0.954067,0.954065
0.0588235,0.882353,0.944984,0.944982
0.0784314,0.882353,0.932317,0.932315
0.0980392,0.882353,0.916114,0.916112
0.117647,0.882353,0.896435,0.896433
0.137255,0.882353,0.873356,0.873354
0.156863,0.882353,0.846964,0.846962
0.176471,0.882353,0.817359,0.817357
0.196078,0.882353,0.784653,0.784652
0.215686,0.882353,0.748972,0.74897
0.235294,0.882353,0.710449,0.710447
0.254902,0.882353,0.669231,0.669229
0.27451,0.882353,0.625474,0.625473
0.294118,0.882353,0.579345,0.579343
0.313725,0.882353,0.531018,0.531017
0.333333,0.882353,0.480677,0.480676
0.352941,0.882353,0.428512,0.428511
0.372549,0.882353,0.374722,0.374721
0.392157,0.882353,0.31951,0.31951
0.411765,0.882353,0.263087,0.263086
0.431373,0.882353,0.205665,0.205665
0.45098,0.882353,0.147464,0.147463
0.470588,0.882353,0.0887025,0.0887023
0.490196,0.882353,0.0296049,0.0296049
0.509804,0.882353,-0.0296049,-0.0296049
0.529412,0.882353,-0.0887025,-0.0887023
0.54902,0.882353,-0.147464,-0.147463
0.568627,0.882353,-0.205665,-0.205665
0.588235,0.882353,-0.263087,-0.263086
0.607843,0.882353,-0.31951,-0.31951
0.627451,0.882353,-0.374722,-0.374721
0.647059,0.882353,-0.428512,-0.428511
0.666667,0.882353,-0.480677,-0.480676
0.686275,0.882353,-0.531018,-0.531017
0.705882,0.882353,-0.579345,-0.579343
0.72549,0.882353,-0.625474,-0.625473
0.745098,0.882353,-0.669231,-0.669229
0.764706,0.882353,-0.710449,-0.710447
0.784314,0.882353,-0.748972,-0.74897
0.803922,0.882353,-0.784653,-0.784652
0.823529,0.882353,-0.817359,-0.817357
0.843137,0.882353,-0.846964,-0.846962
0.862745,0.882353,-0.873356,-0.873354
0.882353,0.882353,-0.896435,-0.896433
0.901961,0.882353,-0.916114,-0.916112
0.921569,0.882353,-0.932317,-0.932315
0.941176,0.882353,-0.944984,-0.944982
0.960784,0.882353,-0.954067,-0.954065
0.980392,0.882353,-0.95953,-0.959528
0.0196078,0.901961,0.99714,0.997138
0.0392157,0.901961,0.991462,0.99146
0.0588235,0.901961,0.982024,0.982022
0.0784314,0.901961,0.968861,0.968859
0.0980392,0.901961,0.952022,0.95202
0.117647,0.901961,0.931572,0.93157
0.137255,0.901961,0.907588,0.907586
0.156863,0.901961,0.880162,0.88016
0.176471,0.901961,0.849396,0.849395
0.196078,0.901961,0.815409,0.815407
0.215686,0.901961,0.778329,0.778327
0.235294,0.901961,0.738296,0.738294
0.254902,0.901961,0.695462,0.695461
0.27451,0.901961,0.64999,0.649989
0.294118,0.901961,0.602053,0.602052
0.313725,0.901961,0.551832,0.551831
0.333333,0.901961,0.499517,0.499516
0.352941,0.901961,0.445308,0.445307
0.372549,0.901961,0.38941,0.389409
0.392157,0.901961,0.332034,0.332033
0.411765,0.901961,0.273399,0.273398
0.431373,0.901961,0.213727,0.213726
0.45098,0.901961,0.153244,0.153243
0.470588,0.901961,0.0921793,0.0921791
0.490196,0.901961,0.0307653,0.0307653
0.509804,0.901961,-0.0307653,-0.0307653
0.529412,0.901961,-0.0921793,-0.0921791
0.54902,0.901961,-0.153244,-0.153243
0.568627,0.901961,-0.213727,-0.213726
0.588235,0.901961,-0.273399,-0.273398
0.607843,0.901961,-0.332034,-0.332033
0.627451,0.901961,-0.38941,-0.389409
0.647059,0.901961,-0.445308,-0.445307
0.666667,0.901961,-0.499517,-0.499516
0.686275,0.901961,-0.551832,-0.551831
0.705882,0.901961,-0.602053,-0.602052
0.72549,0.901961,-0.64999,-0.649989
0.745098,0.901961,-0.695462,-0.695461
0.764706,0.901961,-0.738296,-0.738294
0.784314,0.901961,-0.778329,-0.778327
0.803922,0.901961,-0.815409,-0.815407
0.823529,0.901961,-0.849396,-0.849395
0.843137,0.901961,-0.880162,-0.88016
0.862745,0.901961,-0.907588,-0.907586
0.882353,0.901961,-0.931572,-0.93157
0.901961,0.901961,-0.952022,-0.95202
0.921569,0.901961,-0.968861,-0.968859
0.941176,0.901961,-0.982024,-0.982022
0.960784,0.901961,-0.991462,-0.99146
0.980392,0.901961,-0.99714,-0.997138
0.0196078,0.921569,0.940903,0.940901
0.0392157,0.921569,0.935546,0.935544
0.0588235,0.921569,0.92664,0.926638
0.0784314,0.921569,0.914219,0.914217
0.0980392,0.921569,0.89833,0.898328
0.117647,0.921569,0.879033,0.879031
0.137255,0.921569,0.856402,0.8564
0.156863,0.921569,0.830522,0.830521
0.176471,0.921569,0.801492,0.80149
0.196078,0.921569,0.769422,0.76942
0.215686,0.921569,0.734432,0.734431
0.235294,0.921569,0.696657,0.696656
0.254902,0.921569,0.656239,0.656238
0.27451,0.921569,0.613332,0.613331
0.294118,0.921569,0.568098,0.568097
0.313725,0.921569,0.52071,0.520708
0.333333,0.921569,0.471346,0.471345
0.352941,0.921569,0.420194,0.420193
0.372549,0.921569,0.367448,0.367447
0.392157,0.921569,0.313308,0.313307
0.411765,0.921569,0.25798,0.257979
0.431373,0.921569,0.201673,0.201672
0.45098,0.921569,0.144601,0.144601
0.470588,0.921569,0.0869806,0.0869804
0.490196,0.921569,0.0290302,0.0290302
0.509804,0.921569,-0.0290302,-0.0290302
0.529412,0.921569,-0.0869806,-0.0869804
0.54902,0.921569,-0.144601,-0.144601
0.568627,0.921569,-0.201673,-0.201672
0.588235,0.921569,-0.25798,-0.257979
0.607843,0.921569,-0.313308,-0.313307
0.627451,0.921569,-0.367448,-0.367447
0.647059,0.921569,-0.420194,-0.420193
0.666667,0.921569,-0.471346,-0.471345
0.686275,0.921569,-0.52071,-0.520708
0.705882,0.921569,-0.568098,-0.568097
0.72549,0.921569,-0.613332,-0.613331
0.745098,0.921569,-0.656239,-0.656238
0.764706,0.921569,-0.696657,-0.696656
0.784314,0.921569,-0.734432,-0.734431
0.803922,0.921569,-0.769422,-0.76942
0.823529,0.921569,-0.801492,-0.80149
0.843137,0.921569,-0.830522,-0.830521
0.862745,0.921569,-0.856402,-0.8564
0.882353,0.921569,-0.879033,-0.879031
0.901961,0.921569,-0.89833,-0.898328
0.921569,0.921569,-0.914219,-0.914217
0.941176,0.921569,-0.92664,-0.926638
0.960784,0.921569,-0.935546,-0.935544
0.980392,0.921569,-0.940903,-0.940901
0.0196078,0.941176,0.796112,0.796111
0.0392157,0.941176,0.79158,0.791578
0.0588235,0.941176,0.784044,0.784042
0.0784314,0.941176,0.773534,0.773533
0.0980392,0.941176,0.760091,0.760089
0.117647,0.941176,0.743763,0.743762
0.137255,0.941176,0.724615,0.724613
0.156863,0.941176,0.702718,0.702716
0.176471,0.941176,0.678155,0.678153
0.196078,0.941176,0.651019,0.651018
0.215686,0.941176,0.621414,0.621413
0.235294,0.941176,0.589452,0.589451
0.254902,0.941176,0.555254,0.555253
0.27451,0.941176,0.51895,0.518948
0.294118,0.941176,0.480677,0.480676
0.313725,0.941176,0.44058,0.440579
0.333333,0.941176,0.398813,0.398812
0.352941,0.941176,0.355532,0.355531
0.372549,0.941176,0.310903,0.310902
0.392157,0.941176,0.265095,0.265094
0.411765,0.941176,0.21828,0.21828
0.431373,0.941176,0.170638,0.170638
0.45098,0.941176,0.122349,0.122349
0.470588,0.941176,0.0735956,0.0735954
0.490196,0.941176,0.0245629,0.0245629
0.509804,0.941176,-0.0245629,-0.0245629
0.529412,0.941176,-0.0735956,-0.0735954
0.54902,0.941176,-0.122349,-0.122349
0.568627,0.941176,-0.170638,-0.170638
0.588235,0.941176,-0.21828,-0.21828
0.607843,0.941176,-0.265095,-0.265094
0.627451,0.941176,-0.310903,-0.310902
0.647059,0.941176,-0.355532,-0.355531
0.666667,0.941176,-0.398813,-0.398812
0.686275,0.941176,-0.44058,-0.440579
0.705882,0.941176,-0.480677,-0.480676
0.72549,0.941176,-0.51895,-0.518948
0.745098,0.941176,-0.555254,-0.555253
0.764706,0.941176,-0.589452,-0.589451
0.784314,0.941176,-0.621414,-0.621413
0.803922,0.941176,-0.651019,-0.651018
0.823529,0.941176,-0.678155,-0.678153
0.843137,0.941176,-0.702718,-0.702716
0.862745,0.941176,-0.724615,-0.724613
0.882353,0.941176,-0.743763,-0.743762
0.901961,0.941176,-0.760091,-0.760089
0.921569,0.941176,-0.773534,-0.773533
0.941176,0.941176,-0.784044,-0.784042
0.960784,0.941176,-0.79158,-0.791578
0.980392,0.941176,-0.796112,-0.796111
0.0196078,0.960784,0.576395,0.576393
0.0392157,0.960784,0.573113,0.573112
0.0588235,0.960784,0.567657,0.567656
0.0784314,0.960784,0.560048,0.560047
0.0980392,0.960784,0.550314,0.550313
0.117647,0.960784,0.538493,0.538492
0.137255,0.960784,0.52463,0.524629
0.156863,0.960784,0.508776,0.508775
0.176471,0.960784,0.490992,0.490991
0.196078,0.960784,0.471346,0.471345
0.215686,0.960784,0.449911,0.44991
0.235294,0.960784,0.42677,0.426769
0.254902,0.960784,0.40201,0.40201
0.27451,0.960784,0.375726,0.375725
0.294118,0.960784,0.348015,0.348015
0.313725,0.960784,0.318985,0.318985
0.333333,0.960784,0.288745,0.288744
0.352941,0.960784,0.257409,0.257409
0.372549,0.960784,0.225097,0.225097
0.392157,0.960784,0.191932,0.191931
0.411765,0.960784,0.158038,0.158037
0.431373,0.960784,0.123544,0.123544
0.45098,0.960784,0.0885821,0.088582
0.470588,0.960784,0.0532841,0.0532839
0.490196,0.960784,0.0177838,0.0177838
0.509804,0.960784,-0.0177838,-0.0177838
0.529412,0.960784,-0.0532841,-0.0532839
0.54902,0.960784,-0.0885821,-0.088582
0.568627,0.960784,-0.123544,-0.123544
0.588235,0.960784,-0.158038,-0.158037
0.607843,0.960784,-0.191932,-0.191931
0.627451,0.960784,-0.225097,-0.225097
0.647059,0.960784,-0.257409,-0.257409
0.666667,0.960784,-0.288745,-0.288744
0.686275,0.960784,-0.318985,-0.318985
0.705882,0.960784,-0.348015,-0.348015
0.72549,0.960784,-0.375726,-0.375725
0.745098,0.960784,-0.40201,-0.40201
0.764706,0.960784,-0.42677,-0.426769
0.784314,0.960784,-0.449911,-0.44991
0.803922,0.960784,-0.471346,-0.471345
0.823529,0.960784,-0.490992,-0.490991
0.843137,0.960784,-0.508776,-0.508775
0.862745,0.960784,-0.52463,-0.524629
0.882353,0.960784,-0.538493,-0.538492
0.901961,0.960784,-0.550314,-0.550313
0.921569,0.960784,-0.560048,-0.560047
0.941176,0.960784,-0.567657,-0.567656
0.960784,0.960784,-0.573113,-0.573112
0.980392,0.960784,-0.576395,-0.576393
0.0196078,0.980392,0.302429,0.302428
0.0392157,0.980392,0.300707,0.300707
0.0588235,0.980392,0.297845,0.297844
0.0784314,0.980392,0.293852,0.293851
0.0980392,0.980392,0.288745,0.288744
0.117647,0.980392,0.282543,0.282542
0.137255,0.980392,0.275268,0.275268
0.156863,0.980392,0.26695,0.266949
0.176471,0.980392,0.257619,0.257618
0.196078,0.980392,0.247311,0.24731
0.215686,0.980392,0.236064,0.236064
0.235294,0.980392,0.223922,0.223922
0.254902,0.980392,0.210931,0.210931
0.27451,0.980392,0.19714,0.197139
0.294118,0.980392,0.182601,0.1826
0.313725,0.980392,0.167369,0.167368
0.333333,0.980392,0.151502,0.151502
0.352941,0.980392,0.13506,0.13506
0.372549,0.980392,0.118107,0.118106
0.392157,0.980392,0.100705,0.100705
0.411765,0.980392,0.0829209,0.0829207
0.431373,0.980392,0.0648225,0.0648224
0.45098,0.980392,0.0464782,0.0464781
0.470588,0.980392,0.0279577,0.0279576
0.490196,0.980392,0.00933102,0.009331
0.509804,0.980392,-0.00933102,-0.009331
0.529412,0.980392,-0.0279577,-0.0279576
0.54902,0.980392,-0.0464782,-0.0464781
0.568627,0.980392,-0.0648225,-0.0648224
0.588235,0.980392,-0.0829209,-0.0829207
0.607843,0.980392,-0.100705,-0.100705
0.627451,0.980392,-0.118107,-0.118106
0.647059,0.980392,-0.13506,-0.13506
0.666667,0.980392,-0.151502,-0.151502
0.686275,0.980392,-0.167369,-0.167368
0.705882,0.980392,-0.182601,-0.1826
0.72549,0.980392,-0.19714,-0.197139
0.745098,0.980392,-0.210931,-0.210931
0.764706,0.980392,-0.223922,-0.223922
0.784314,0.980392,-0.236064,-0.236064
0.803922,0.980392,-0.247311,-0.24731
0.823529,0.980392,-0.257619,-0.257618
0.843137,0.980392,-0.26695,-0.266949
0.862745,0.980392,-0.275268,-0.275268
0.882353,0.980392,-0.282543,-0.282542
0.901961,0.980392,-0.288745,-0.288744
0.921569,0.980392,-0.293852,-0.293851
0.941176,0.980392,-0.297845,-0.297844
0.960784,0.980392,-0.300707,-0.300707
0.980392,0.980392,-0.302429,-0.302428
